-- phpMyAdmin SQL Dump
-- version 4.9.0.1
-- https://www.phpmyadmin.net/
--
-- Host: sql311.infinityfree.com
-- Tempo de geração: 08/05/2026 às 06:38
-- Versão do servidor: 11.4.10-MariaDB
-- Versão do PHP: 7.2.22

SET SQL_MODE = "NO_AUTO_VALUE_ON_ZERO";
SET AUTOCOMMIT = 0;
START TRANSACTION;
SET time_zone = "+00:00";


/*!40101 SET @OLD_CHARACTER_SET_CLIENT=@@CHARACTER_SET_CLIENT */;
/*!40101 SET @OLD_CHARACTER_SET_RESULTS=@@CHARACTER_SET_RESULTS */;
/*!40101 SET @OLD_COLLATION_CONNECTION=@@COLLATION_CONNECTION */;
/*!40101 SET NAMES utf8mb4 */;

--
-- Banco de dados: `if0_41787007_patrimonio`
--

-- --------------------------------------------------------

--
-- Estrutura para tabela `cache`
--

CREATE TABLE `cache` (
  `key` varchar(255) NOT NULL,
  `value` mediumtext NOT NULL,
  `expiration` int(11) NOT NULL
) ENGINE=InnoDB DEFAULT CHARSET=utf8mb4 COLLATE=utf8mb4_unicode_ci;

-- --------------------------------------------------------

--
-- Estrutura para tabela `cache_locks`
--

CREATE TABLE `cache_locks` (
  `key` varchar(255) NOT NULL,
  `owner` varchar(255) NOT NULL,
  `expiration` int(11) NOT NULL
) ENGINE=InnoDB DEFAULT CHARSET=utf8mb4 COLLATE=utf8mb4_unicode_ci;

-- --------------------------------------------------------

--
-- Estrutura para tabela `cidades_comarcas`
--

CREATE TABLE `cidades_comarcas` (
  `id` bigint(20) UNSIGNED NOT NULL,
  `nome` varchar(255) NOT NULL,
  `ativo` tinyint(1) NOT NULL DEFAULT 1,
  `created_at` timestamp NULL DEFAULT NULL,
  `updated_at` timestamp NULL DEFAULT NULL
) ENGINE=InnoDB DEFAULT CHARSET=utf8mb4 COLLATE=utf8mb4_unicode_ci;

--
-- Despejando dados para a tabela `cidades_comarcas`
--

INSERT INTO `cidades_comarcas` (`id`, `nome`, `ativo`, `created_at`, `updated_at`) VALUES
(1, 'Aquidabã', 1, '2026-04-29 14:16:55', '2026-04-29 14:16:55'),
(2, 'Arauá', 1, '2026-04-29 14:16:55', '2026-04-29 14:16:55'),
(3, 'Areia Branca', 1, '2026-04-29 14:16:55', '2026-04-29 14:16:55'),
(4, 'Barra dos Coqueiros', 1, '2026-04-29 14:16:55', '2026-04-29 14:16:55'),
(5, 'Boquim', 1, '2026-04-29 14:16:55', '2026-04-29 14:16:55'),
(6, 'Campo do Brito', 1, '2026-04-29 14:16:55', '2026-04-29 14:16:55'),
(7, 'Canindé de São Francisco', 1, '2026-04-29 14:16:55', '2026-04-29 14:16:55'),
(8, 'Capela', 1, '2026-04-29 14:16:55', '2026-04-29 14:16:55'),
(9, 'Carira', 1, '2026-04-29 14:16:55', '2026-04-29 14:16:55'),
(10, 'Carmópolis', 1, '2026-04-29 14:16:55', '2026-04-29 14:16:55'),
(11, 'Cedro de São João', 1, '2026-04-29 14:16:55', '2026-04-29 14:16:55'),
(12, 'Cristinápolis', 1, '2026-04-29 14:16:55', '2026-04-29 14:16:55'),
(13, 'Divina Pastora', 1, '2026-04-29 14:16:55', '2026-04-29 14:16:55'),
(14, 'Estância', 1, '2026-04-29 14:16:55', '2026-04-29 14:16:55'),
(15, 'Frei Paulo', 1, '2026-04-29 14:16:55', '2026-04-29 14:16:55'),
(16, 'Gararu', 1, '2026-04-29 14:16:55', '2026-04-29 14:16:55'),
(17, 'Indiaroba', 1, '2026-04-29 14:16:55', '2026-04-29 14:16:55'),
(18, 'Itabaiana', 1, '2026-04-29 14:16:55', '2026-04-29 14:16:55'),
(19, 'Itabaianinha', 1, '2026-04-29 14:16:55', '2026-04-29 14:16:55'),
(20, 'Itaporanga d\'Ajuda', 1, '2026-04-29 14:16:55', '2026-04-29 14:16:55'),
(21, 'Japaratuba', 1, '2026-04-29 14:16:55', '2026-04-29 14:16:55'),
(22, 'Japoatã', 1, '2026-04-29 14:16:55', '2026-04-29 14:16:55'),
(23, 'Lagarto', 1, '2026-04-29 14:16:55', '2026-04-29 14:16:55'),
(24, 'Laranjeiras', 1, '2026-04-29 14:16:55', '2026-04-29 14:16:55'),
(25, 'Malhador', 1, '2026-04-29 14:16:55', '2026-04-29 14:16:55'),
(26, 'Maruim', 1, '2026-04-29 14:16:55', '2026-04-29 14:16:55'),
(27, 'Monte Alegre de Sergipe', 1, '2026-04-29 14:16:55', '2026-04-29 14:16:55'),
(28, 'Neópolis', 1, '2026-04-29 14:16:55', '2026-04-29 14:16:55'),
(29, 'Nossa Senhora da Glória', 1, '2026-04-29 14:16:55', '2026-04-29 14:16:55'),
(30, 'Nossa Senhora das Dores', 1, '2026-04-29 14:16:55', '2026-04-29 14:16:55'),
(31, 'Nossa Senhora do Socorro', 1, '2026-04-29 14:16:55', '2026-04-29 14:16:55'),
(32, 'Pacatuba', 1, '2026-04-29 14:16:55', '2026-04-29 14:16:55'),
(33, 'Pedrinhas', 1, '2026-04-29 14:16:55', '2026-04-29 14:16:55'),
(34, 'Pirambu', 1, '2026-04-29 14:16:55', '2026-04-29 14:16:55'),
(35, 'Poço Redondo', 1, '2026-04-29 14:16:55', '2026-04-29 14:16:55'),
(36, 'Poço Verde', 1, '2026-04-29 14:16:55', '2026-04-29 14:16:55'),
(37, 'Porto da Folha', 1, '2026-04-29 14:16:55', '2026-04-29 14:16:55'),
(38, 'Propriá', 1, '2026-04-29 14:16:55', '2026-04-29 14:16:55'),
(39, 'Riachão do Dantas', 1, '2026-04-29 14:16:55', '2026-04-29 14:16:55'),
(40, 'Riachuelo', 1, '2026-04-29 14:16:55', '2026-04-29 14:16:55'),
(41, 'Ribeirópolis', 1, '2026-04-29 14:16:55', '2026-04-29 14:16:55'),
(42, 'Salgado', 1, '2026-04-29 14:16:55', '2026-04-29 14:16:55'),
(43, 'Santana do São Francisco', 1, '2026-04-29 14:16:55', '2026-04-29 14:16:55'),
(44, 'Santo Amaro das Brotas', 1, '2026-04-29 14:16:55', '2026-04-29 14:16:55'),
(45, 'São Cristóvão', 1, '2026-04-29 14:16:55', '2026-04-29 14:16:55'),
(46, 'São Domingos', 1, '2026-04-29 14:16:55', '2026-04-29 14:16:55'),
(47, 'Simão Dias', 1, '2026-04-29 14:16:55', '2026-04-29 14:16:55'),
(48, 'Tobias Barreto', 1, '2026-04-29 14:16:55', '2026-04-29 14:16:55'),
(49, 'Umbaúba', 1, '2026-04-29 14:16:55', '2026-04-29 14:16:55'),
(50, 'UFS', 1, '2026-04-29 15:41:27', '2026-04-29 15:41:27'),
(51, 'Marcos Freire II', 1, '2026-04-29 15:42:02', '2026-04-29 15:42:02'),
(52, 'Parque dos Faróis', 1, '2026-04-29 15:42:35', '2026-04-29 15:42:35');

-- --------------------------------------------------------

--
-- Estrutura para tabela `equipamentos`
--

CREATE TABLE `equipamentos` (
  `id` bigint(20) UNSIGNED NOT NULL,
  `tipo_equipamento_id` bigint(20) UNSIGNED NOT NULL,
  `marca_id` bigint(20) UNSIGNED DEFAULT NULL,
  `cidade_comarca_id` bigint(20) UNSIGNED NOT NULL,
  `vara_id` bigint(20) UNSIGNED DEFAULT NULL,
  `setor_id` bigint(20) UNSIGNED DEFAULT NULL,
  `codigo_patrimonio` varchar(255) NOT NULL,
  `modelo` varchar(150) DEFAULT NULL,
  `observacoes` text DEFAULT NULL,
  `created_at` timestamp NULL DEFAULT NULL,
  `updated_at` timestamp NULL DEFAULT NULL
) ENGINE=InnoDB DEFAULT CHARSET=utf8mb4 COLLATE=utf8mb4_unicode_ci;

--
-- Despejando dados para a tabela `equipamentos`
--

INSERT INTO `equipamentos` (`id`, `tipo_equipamento_id`, `marca_id`, `cidade_comarca_id`, `vara_id`, `setor_id`, `codigo_patrimonio`, `modelo`, `observacoes`, `created_at`, `updated_at`) VALUES
(7, 1, 9, 20, 28, 1, '094191', 'Master C44000 ROHS', NULL, '2026-05-04 18:57:22', '2026-05-04 18:57:22'),
(8, 3, 4, 20, 28, 1, '058205', 'Maneger III', NULL, '2026-05-04 19:01:47', '2026-05-04 19:01:47'),
(9, 1, 9, 20, 5, 2, '094279', 'Master C44000 ROHS', NULL, '2026-05-04 19:04:04', '2026-05-04 19:04:04'),
(10, 1, 9, 20, 5, 2, '094183', 'Master C44000 ROHS', NULL, '2026-05-04 19:04:52', '2026-05-04 19:04:52'),
(11, 1, 9, 20, 5, 2, '094175', 'Master C44000 ROHS', NULL, '2026-05-04 19:05:17', '2026-05-04 19:05:17'),
(12, 1, 9, 20, 5, 2, '094199', 'Master C44000 ROHS', NULL, '2026-05-04 19:06:11', '2026-05-04 19:06:11'),
(13, 1, 9, 20, 5, 2, '094205', 'Master C44000 ROHS', NULL, '2026-05-04 19:06:36', '2026-05-04 19:06:36'),
(14, 1, 9, 20, 5, 2, '094164', 'Master C44000 ROHS', NULL, '2026-05-04 19:07:07', '2026-05-04 19:07:07'),
(15, 2, 10, 20, NULL, 2, '079465', '22MP55PK', NULL, '2026-05-04 19:10:05', '2026-05-04 19:10:05'),
(16, 2, 10, 20, NULL, 2, '079072', '22MP55PK', NULL, '2026-05-04 19:10:54', '2026-05-04 19:10:54'),
(17, 2, 10, 20, 5, 2, '079679', '22MP55PK', NULL, '2026-05-04 19:11:24', '2026-05-04 19:11:24'),
(18, 1, 9, 20, 33, 1, '094198', NULL, NULL, '2026-05-04 19:11:25', '2026-05-04 19:11:25'),
(19, 1, 9, 20, 33, 1, '094194', NULL, NULL, '2026-05-04 19:11:39', '2026-05-04 19:11:39'),
(20, 1, 9, 20, 33, 1, '094283', NULL, NULL, '2026-05-04 19:11:49', '2026-05-04 19:11:49'),
(21, 1, 9, 20, 33, 1, '094163', NULL, NULL, '2026-05-04 19:12:04', '2026-05-04 19:12:04'),
(22, 2, 10, 20, 5, 2, '079266', '22MP55PK', NULL, '2026-05-04 19:12:08', '2026-05-04 19:12:08'),
(23, 1, 9, 20, 33, 1, '094188', NULL, NULL, '2026-05-04 19:13:12', '2026-05-04 19:13:12'),
(24, 1, 9, 20, 33, 1, '094281', NULL, NULL, '2026-05-04 19:14:05', '2026-05-04 19:14:05'),
(25, 1, 9, 20, 33, 1, '094182', NULL, NULL, '2026-05-04 19:14:24', '2026-05-04 19:14:24'),
(26, 2, 10, 20, 33, 1, '079468', NULL, NULL, '2026-05-04 19:14:56', '2026-05-04 19:14:56'),
(27, 2, 10, 20, 33, 1, '079439', NULL, NULL, '2026-05-04 19:15:10', '2026-05-04 19:15:10'),
(28, 2, 10, 20, 33, 1, '079469', NULL, NULL, '2026-05-04 19:15:30', '2026-05-04 19:15:30'),
(29, 2, 10, 20, 33, 1, '079467', NULL, NULL, '2026-05-04 19:15:44', '2026-05-04 19:15:44'),
(30, 3, 11, 20, 33, 1, '071901', NULL, NULL, '2026-05-04 19:16:26', '2026-05-04 19:16:26'),
(31, 3, 11, 20, 5, 2, '072188', 'UPS 1200VA', NULL, '2026-05-04 19:16:41', '2026-05-04 19:16:41'),
(32, 3, 11, 20, 33, 1, '072046', NULL, NULL, '2026-05-04 19:16:44', '2026-05-04 19:16:44'),
(33, 3, 11, 20, 33, 1, '071751', NULL, NULL, '2026-05-04 19:17:01', '2026-05-04 19:17:01'),
(34, 3, 11, 20, 33, 1, '072068', NULL, NULL, '2026-05-04 19:17:23', '2026-05-04 19:17:23'),
(35, 3, 11, 20, 5, 2, '072120', 'UPS 1200VA', NULL, '2026-05-04 19:18:35', '2026-05-04 19:18:35'),
(36, 3, 11, 20, 5, 2, '071655', 'UPS 1200VA', NULL, '2026-05-04 19:19:02', '2026-05-04 19:19:02'),
(37, 4, 12, 20, 33, 1, '059781', 'S1500', NULL, '2026-05-04 19:21:24', '2026-05-04 19:21:24'),
(38, 1, 9, 20, 33, 2, '094177', NULL, NULL, '2026-05-04 19:22:35', '2026-05-04 19:22:35'),
(39, 1, 9, 20, 33, 2, '094280', NULL, NULL, '2026-05-04 19:22:46', '2026-05-04 19:22:46'),
(40, 1, 9, 20, 33, 2, '094287', NULL, NULL, '2026-05-04 19:23:03', '2026-05-04 19:23:03'),
(41, 1, 9, 20, 33, 2, '094156', NULL, NULL, '2026-05-04 19:23:11', '2026-05-04 19:23:11'),
(42, 1, 9, 20, 33, 2, '094278', NULL, NULL, '2026-05-04 19:23:23', '2026-05-04 19:23:23'),
(43, 3, 4, 20, 5, 2, '049583', 'MANEGER NET3+', NULL, '2026-05-04 19:23:51', '2026-05-04 19:23:51'),
(44, 3, 11, 20, 33, 2, '072059', NULL, NULL, '2026-05-04 19:24:08', '2026-05-04 19:24:08'),
(45, 3, 11, 20, 33, 2, '072055', NULL, NULL, '2026-05-04 19:24:29', '2026-05-04 19:24:29'),
(46, 3, 11, 20, 33, 2, '072486', NULL, NULL, '2026-05-04 19:24:48', '2026-05-04 19:24:48'),
(47, 3, 11, 20, 33, 3, '072011', NULL, NULL, '2026-05-04 19:25:40', '2026-05-04 19:25:40'),
(48, 1, 9, 20, 33, 3, '094277', NULL, NULL, '2026-05-04 19:26:01', '2026-05-04 19:26:01'),
(49, 3, 11, 20, 5, 4, '071642', 'UPS 1200VA', NULL, '2026-05-04 19:26:27', '2026-05-04 19:26:27'),
(50, 2, 10, 20, 33, 3, '079471', NULL, NULL, '2026-05-04 19:26:30', '2026-05-04 19:26:30'),
(51, 1, 9, 20, 33, 4, '095089', NULL, NULL, '2026-05-04 19:27:04', '2026-05-04 19:27:04'),
(52, 4, 13, 20, 33, 4, '075222', NULL, NULL, '2026-05-04 19:27:59', '2026-05-04 19:27:59'),
(53, 3, 11, 20, 33, 4, '072466', NULL, NULL, '2026-05-04 19:28:25', '2026-05-04 19:28:25'),
(54, 1, 9, 20, 5, 4, '095058', 'Master C44000 ROHS', NULL, '2026-05-04 19:28:33', '2026-05-04 19:28:33'),
(55, 2, 14, 20, 5, 4, '100454', NULL, NULL, '2026-05-04 19:31:28', '2026-05-04 19:31:28'),
(56, 1, 9, 20, 32, 12, '094167', NULL, NULL, '2026-05-04 19:31:29', '2026-05-04 19:31:29'),
(57, 1, 9, 20, 32, 12, '094157', NULL, NULL, '2026-05-04 19:31:35', '2026-05-04 19:31:35'),
(58, 1, 9, 20, 32, 12, '094200', NULL, NULL, '2026-05-04 19:31:45', '2026-05-04 19:31:45'),
(59, 2, 10, 20, 5, 4, '079677', '22MP55PK', NULL, '2026-05-04 19:32:23', '2026-05-04 19:32:23'),
(60, 4, 12, 20, 32, 12, '033297', 'S1500', NULL, '2026-05-04 19:32:38', '2026-05-04 19:32:38'),
(61, 2, 10, 20, NULL, 4, '078595', '22MP55PK', NULL, '2026-05-04 19:32:49', '2026-05-04 19:32:49'),
(62, 3, 11, 20, 32, 12, '072463', NULL, NULL, '2026-05-04 19:33:26', '2026-05-04 19:33:26'),
(63, 2, 10, 20, 32, 12, '079427', NULL, NULL, '2026-05-04 19:33:48', '2026-05-04 19:33:48'),
(64, 3, 11, 20, 34, 4, '072048', 'UPS 1200VA', NULL, '2026-05-04 19:33:51', '2026-05-04 19:35:08'),
(65, 2, 10, 20, 32, 12, '079461', NULL, NULL, '2026-05-04 19:33:59', '2026-05-04 19:33:59'),
(66, 9, 15, 20, 32, 12, '032612', NULL, NULL, '2026-05-04 19:35:18', '2026-05-04 19:35:18'),
(67, 1, 9, 20, 32, 5, '094286', NULL, NULL, '2026-05-04 19:36:47', '2026-05-04 19:36:47'),
(68, 3, 11, 20, 32, 5, '072042', NULL, NULL, '2026-05-04 19:37:05', '2026-05-04 19:37:05'),
(69, 1, 9, 20, 32, 5, '094184', NULL, NULL, '2026-05-04 19:37:28', '2026-05-04 19:37:28'),
(70, 2, 10, 20, 32, 5, '079483', NULL, NULL, '2026-05-04 19:37:49', '2026-05-04 19:37:49'),
(71, 9, 15, 20, 32, 5, '062766', NULL, NULL, '2026-05-04 19:38:10', '2026-05-04 19:38:10'),
(72, 1, 9, 20, 32, 5, '071210', 'D540', NULL, '2026-05-04 19:39:34', '2026-05-04 19:39:34'),
(73, 3, 11, 20, 32, 5, '072069', NULL, NULL, '2026-05-04 19:40:01', '2026-05-04 19:40:01'),
(74, 1, 9, 20, 32, 5, '094282', NULL, NULL, '2026-05-04 19:40:24', '2026-05-04 19:40:24'),
(75, 2, 10, 20, 5, 1, '079676', '22MP55PK', NULL, '2026-05-04 19:41:52', '2026-05-04 19:41:52'),
(76, 2, 10, 20, 5, 1, '079670', '22MP55PK', NULL, '2026-05-04 19:42:20', '2026-05-04 19:42:20'),
(77, 1, 9, 20, 32, 9, '095087', NULL, NULL, '2026-05-04 19:42:54', '2026-05-04 19:42:54'),
(78, 2, 10, 20, 5, 1, '079674', '22MP55PK', NULL, '2026-05-04 19:43:10', '2026-05-04 19:43:10'),
(79, 2, 10, 20, 5, 1, '079675', '22MP55PK', NULL, '2026-05-04 19:43:35', '2026-05-04 19:43:35'),
(80, 12, 16, 20, 32, 9, '031572', NULL, NULL, '2026-05-04 19:44:21', '2026-05-04 19:44:21'),
(81, 12, 16, 20, 32, 9, '031878', NULL, NULL, '2026-05-04 19:44:31', '2026-05-04 19:44:31'),
(82, 12, 16, 20, 32, 9, '031574', NULL, NULL, '2026-05-04 19:44:43', '2026-05-04 19:44:43'),
(83, 12, 16, 20, 32, 9, '031573', NULL, NULL, '2026-05-04 19:45:06', '2026-05-04 19:45:06'),
(84, 1, 9, 20, 5, 1, '094193', 'Master C44000 ROHS', NULL, '2026-05-04 19:45:12', '2026-05-04 19:45:12'),
(85, 1, 9, 20, 5, 1, '094172', 'Master C44000 ROHS', NULL, '2026-05-04 19:45:34', '2026-05-04 19:45:34'),
(86, 1, 9, 20, 5, 1, '095681', 'Master C44000 ROHS', NULL, '2026-05-04 19:45:58', '2026-05-04 19:45:58'),
(87, 1, 9, 20, 5, 1, '094181', 'Master C44000 ROHS', NULL, '2026-05-04 19:46:30', '2026-05-04 19:46:30'),
(88, 8, 17, 20, 33, 4, '100423', NULL, NULL, '2026-05-04 19:47:27', '2026-05-04 19:47:27'),
(89, 1, 9, 20, 32, 10, '094176', NULL, NULL, '2026-05-04 19:48:32', '2026-05-04 19:48:32'),
(90, 4, 12, 20, 32, 10, '021626', 'S510', NULL, '2026-05-04 19:49:26', '2026-05-04 19:49:26'),
(91, 4, 18, 20, 5, 1, '028312', 'ScanSnap S510', NULL, '2026-05-04 19:49:49', '2026-05-04 19:49:49'),
(92, 1, 9, 20, 32, 13, '094173', NULL, NULL, '2026-05-04 19:50:43', '2026-05-04 19:50:43'),
(93, 2, 10, 20, 32, 13, '079470', NULL, NULL, '2026-05-04 19:51:11', '2026-05-04 19:51:11'),
(94, 3, 4, 20, 32, 16, '034513', 'Maneger III', NULL, '2026-05-04 19:51:19', '2026-05-05 20:22:39'),
(95, 4, 13, 20, 32, 13, '075026', NULL, NULL, '2026-05-04 19:51:59', '2026-05-04 19:51:59'),
(96, 3, 19, 20, 5, 1, '065350', 'Stay 700USB', NULL, '2026-05-04 19:54:16', '2026-05-04 19:54:16'),
(97, 3, 19, 20, NULL, 1, '065544', 'Stay 700USB', NULL, '2026-05-04 19:55:13', '2026-05-04 19:55:13'),
(98, 3, 4, 20, NULL, 1, '018483', 'Maneger II', NULL, '2026-05-04 19:56:07', '2026-05-04 19:56:07'),
(99, 3, 20, 20, 5, 4, '900408', NULL, NULL, '2026-05-04 20:00:17', '2026-05-04 20:00:17'),
(100, 3, 13, 20, NULL, 4, '075274', 'AV176U', NULL, '2026-05-04 20:01:10', '2026-05-04 20:01:10'),
(101, 8, 20, 20, 32, 13, '900409', NULL, NULL, '2026-05-04 20:01:49', '2026-05-04 20:01:49'),
(102, 8, 20, 20, 32, 10, '900401', NULL, NULL, '2026-05-04 20:02:18', '2026-05-04 20:02:18'),
(103, 9, 15, 20, 32, 7, '087369', NULL, NULL, '2026-05-04 20:08:03', '2026-05-04 20:08:03'),
(104, 1, 9, 20, 32, 7, '094174', NULL, NULL, '2026-05-04 20:08:31', '2026-05-04 20:08:31'),
(105, 5, 21, 20, 32, 7, '088264', NULL, NULL, '2026-05-04 20:09:47', '2026-05-04 20:09:47'),
(106, 3, 22, 20, 32, 7, '061236', NULL, NULL, '2026-05-04 20:11:12', '2026-05-04 20:11:12'),
(107, 1, 9, 23, 42, 14, '094890', 'Master C4400 ROHS', NULL, '2026-05-04 21:24:54', '2026-05-04 21:24:54'),
(108, 3, 11, 23, 37, 3, '072545', 'UPS 1200VA', NULL, '2026-05-04 21:30:05', '2026-05-04 21:30:05'),
(109, 1, 9, 5, 7, 4, '095074', 'Mini 4000', NULL, '2026-05-05 19:17:22', '2026-05-05 19:17:22'),
(110, 4, 13, 5, 7, 4, '075181', NULL, NULL, '2026-05-05 19:17:55', '2026-05-05 19:17:55'),
(111, 8, 14, 5, 7, 4, '100484', NULL, NULL, '2026-05-05 19:18:48', '2026-05-05 19:18:48'),
(112, 3, 11, 5, 7, 4, '072559', NULL, NULL, '2026-05-05 19:19:16', '2026-05-05 19:19:16'),
(113, 8, 20, 5, 7, 4, '900500', NULL, NULL, '2026-05-05 19:21:45', '2026-05-05 19:21:45'),
(114, 1, 9, 5, 7, 15, '094513', 'Mini 4000', NULL, '2026-05-05 19:24:46', '2026-05-05 19:24:46'),
(115, 1, 9, 5, 7, 15, '094529', 'Mini 4000', NULL, '2026-05-05 19:24:56', '2026-05-05 19:24:56'),
(116, 4, 13, 5, 7, 15, '075278', NULL, NULL, '2026-05-05 19:25:17', '2026-05-05 19:25:17'),
(117, 3, 4, 5, 7, 15, '034747', NULL, NULL, '2026-05-05 19:25:40', '2026-05-05 19:25:40'),
(118, 8, 20, 5, 7, 15, '900504', NULL, NULL, '2026-05-05 19:26:08', '2026-05-05 19:26:08'),
(119, 2, 10, 5, 7, 15, '078747', NULL, NULL, '2026-05-05 19:26:34', '2026-05-05 19:26:34'),
(120, 2, 10, 5, 7, 15, '078740', NULL, NULL, '2026-05-05 19:26:40', '2026-05-05 19:26:40'),
(121, 1, 9, 5, 7, 3, '094482', 'Mini 4000', NULL, '2026-05-05 19:27:32', '2026-05-05 19:27:32'),
(122, 3, 11, 5, 7, 3, '072141', NULL, NULL, '2026-05-05 19:28:03', '2026-05-05 19:28:03'),
(123, 3, 11, 5, 7, 2, '072600', NULL, NULL, '2026-05-05 19:28:44', '2026-05-05 19:28:44'),
(124, 2, 10, 5, 7, 2, '078746', NULL, NULL, '2026-05-05 19:29:02', '2026-05-05 19:29:02'),
(125, 1, 9, 5, 7, 2, '094763', 'Mini 4000', NULL, '2026-05-05 19:30:55', '2026-05-05 19:30:55'),
(126, 1, 9, 5, 7, 2, '094490', 'Mini 4000', NULL, '2026-05-05 19:31:03', '2026-05-05 19:31:03'),
(127, 1, 9, 5, 7, 2, '094451', 'Mini 4000', NULL, '2026-05-05 19:31:12', '2026-05-05 19:31:12'),
(128, 1, 9, 5, 7, 9, '095062', 'Mini 4000', NULL, '2026-05-05 19:32:07', '2026-05-05 19:32:07'),
(129, 3, 11, 5, 7, 9, '072592', NULL, NULL, '2026-05-05 19:32:40', '2026-05-05 19:32:40'),
(130, 1, 9, 5, 7, 5, '095117', NULL, NULL, '2026-05-05 19:33:31', '2026-05-05 19:33:31'),
(131, 1, 9, 5, 7, 5, '094494', NULL, NULL, '2026-05-05 19:33:44', '2026-05-05 19:33:44'),
(132, 2, 10, 5, 7, 5, '078742', NULL, NULL, '2026-05-05 19:34:12', '2026-05-05 19:34:12'),
(133, 2, 10, 5, 7, 5, '078749', NULL, NULL, '2026-05-05 19:34:25', '2026-05-05 19:34:25'),
(134, 1, 9, 5, 7, 1, '094528', 'Mini 4000', NULL, '2026-05-05 19:34:57', '2026-05-05 19:34:57'),
(135, 1, 9, 5, 7, 1, '094531', 'Mini 4000', NULL, '2026-05-05 19:35:16', '2026-05-05 19:35:16'),
(136, 1, 9, 5, 7, 1, '094454', 'Mini 4000', NULL, '2026-05-05 19:35:23', '2026-05-05 19:35:23'),
(137, 1, 9, 5, 7, 1, '094530', 'Mini 4000', NULL, '2026-05-05 19:35:32', '2026-05-05 19:35:32'),
(138, 1, 9, 5, 7, 1, '094532', 'Mini 4000', NULL, '2026-05-05 19:35:38', '2026-05-05 19:35:38'),
(139, 1, 9, 5, 7, 7, '094488', NULL, NULL, '2026-05-05 19:35:39', '2026-05-05 19:35:39'),
(140, 1, 9, 5, 7, 1, '094487', 'Mini 4000', NULL, '2026-05-05 19:35:48', '2026-05-05 19:35:48'),
(141, 1, 9, 5, 7, 1, '094446', 'Mini 4000', NULL, '2026-05-05 19:35:56', '2026-05-05 19:35:56'),
(142, 1, 9, 5, 7, 1, '094450', 'Mini 4000', NULL, '2026-05-05 19:36:04', '2026-05-05 19:36:04'),
(143, 1, 9, 5, 7, 1, '094512', 'Mini 4000', NULL, '2026-05-05 19:36:12', '2026-05-05 19:36:12'),
(144, 1, 9, 5, 7, 1, '094509', 'Mini 4000', NULL, '2026-05-05 19:36:19', '2026-05-05 19:36:19'),
(145, 1, 9, 5, 7, 1, '094495', 'Mini 4000', NULL, '2026-05-05 19:36:27', '2026-05-05 19:36:27'),
(146, 4, 13, 5, 7, 1, '075092', 'Mini 4000', NULL, '2026-05-05 19:36:56', '2026-05-05 19:36:56'),
(148, 4, 12, 5, 7, 1, '013687', 'S510', NULL, '2026-05-05 19:38:40', '2026-05-05 19:38:40'),
(149, 3, 11, 5, 7, 1, '072598', NULL, NULL, '2026-05-05 19:39:23', '2026-05-05 19:39:23'),
(150, 3, 11, 5, 7, 1, '072558', NULL, NULL, '2026-05-05 19:39:55', '2026-05-05 19:39:55'),
(151, 3, 11, 5, 7, 1, '072552', NULL, NULL, '2026-05-05 19:40:06', '2026-05-05 19:40:06'),
(152, 3, 11, 5, 7, 1, '072582', NULL, NULL, '2026-05-05 19:40:27', '2026-05-05 19:40:27'),
(153, 3, 11, 5, 7, 1, '072553', NULL, NULL, '2026-05-05 19:40:34', '2026-05-05 19:40:34'),
(154, 3, 11, 5, 7, 1, '072581', NULL, NULL, '2026-05-05 19:40:43', '2026-05-05 19:40:43'),
(155, 3, 11, 5, 7, 1, '072580', NULL, NULL, '2026-05-05 19:40:53', '2026-05-05 19:40:53'),
(156, 3, 11, 5, 7, 1, '072601', NULL, NULL, '2026-05-05 19:41:18', '2026-05-05 19:41:18'),
(157, 2, 10, 5, 7, 1, '078736', NULL, NULL, '2026-05-05 19:41:40', '2026-05-05 19:41:40'),
(158, 2, 10, 5, 7, 1, '078741', NULL, NULL, '2026-05-05 19:41:47', '2026-05-05 19:41:47'),
(159, 2, 10, 5, 7, 1, '078739', NULL, NULL, '2026-05-05 19:41:53', '2026-05-05 19:41:53'),
(160, 2, 10, 5, 7, 1, '078744', NULL, NULL, '2026-05-05 19:42:04', '2026-05-05 19:42:04'),
(161, 2, 10, 5, 7, 1, '078737', NULL, NULL, '2026-05-05 19:42:12', '2026-05-05 19:42:12'),
(162, 2, 10, 5, 7, 1, '078743', NULL, NULL, '2026-05-05 19:42:23', '2026-05-05 19:42:23'),
(163, 2, 10, 5, 7, 1, '078738', NULL, NULL, '2026-05-05 19:42:30', '2026-05-05 19:42:30'),
(164, 3, 4, 5, 7, 16, '025523', NULL, NULL, '2026-05-05 19:46:12', '2026-05-05 19:46:12'),
(165, 3, 11, 5, 7, 16, '072596', NULL, NULL, '2026-05-05 19:46:25', '2026-05-05 19:46:25'),
(166, 1, 11, 33, 65, 1, '094941', 'Mini 4000', NULL, '2026-05-05 20:07:24', '2026-05-05 20:07:24'),
(167, 1, 11, 33, 65, 1, '094447', 'Mini 4000', NULL, '2026-05-05 20:07:29', '2026-05-05 20:07:29'),
(168, 1, 11, 33, 65, 1, '094508', 'Mini 4000', NULL, '2026-05-05 20:07:34', '2026-05-05 20:07:34'),
(169, 1, 11, 33, 65, 1, '094483', 'Mini 4000', NULL, '2026-05-05 20:07:40', '2026-05-05 20:07:40'),
(170, 8, 23, 33, 65, 1, '902065', NULL, NULL, '2026-05-05 20:09:39', '2026-05-05 20:09:39'),
(171, 4, 24, 33, 65, 1, '081614', NULL, NULL, '2026-05-05 20:10:02', '2026-05-05 20:10:02'),
(172, 2, 10, 33, 65, 1, '079306', NULL, NULL, '2026-05-05 20:10:32', '2026-05-05 20:10:32'),
(173, 3, 4, 33, 65, 1, '034679', NULL, NULL, '2026-05-05 20:11:00', '2026-05-05 20:11:00'),
(174, 3, 11, 33, 65, 1, '072683', NULL, NULL, '2026-05-05 20:11:31', '2026-05-05 20:11:31'),
(175, 1, 9, 33, 65, 4, '095304', 'Mini 4000', NULL, '2026-05-05 20:12:28', '2026-05-05 20:12:28'),
(176, 4, 12, 33, 65, 4, '033260', 'S1500', NULL, '2026-05-05 20:12:49', '2026-05-05 20:12:49'),
(177, 8, 20, 33, 65, 4, '900481', NULL, NULL, '2026-05-05 20:13:08', '2026-05-05 20:13:08'),
(178, 3, 11, 33, 65, 4, '072667', NULL, NULL, '2026-05-05 20:13:22', '2026-05-05 20:13:22'),
(179, 8, 17, 33, 65, 4, '100483', NULL, NULL, '2026-05-05 20:13:48', '2026-05-05 20:13:48'),
(180, 1, 9, 2, 2, 7, '074020', 'D570', NULL, '2026-05-05 20:50:28', '2026-05-05 20:50:28'),
(181, 1, 9, 2, 2, 7, '094986', 'Mini 4000', NULL, '2026-05-05 20:51:10', '2026-05-05 20:51:10'),
(182, 1, 9, 2, 2, 7, '095447', 'Mini 4000', NULL, '2026-05-05 20:51:14', '2026-05-05 20:51:14'),
(183, 1, 9, 2, 2, 7, '094438', 'Mini 4000', NULL, '2026-05-05 20:51:23', '2026-05-05 20:51:23'),
(184, 1, 9, 2, 2, 7, '094434', 'Mini 4000', NULL, '2026-05-05 20:51:28', '2026-05-05 20:51:28'),
(185, 1, 9, 2, 2, 7, '094501', 'Mini 4000', NULL, '2026-05-05 20:51:34', '2026-05-05 20:51:34'),
(186, 1, 9, 2, 2, 7, '094505', 'Mini 4000', NULL, '2026-05-05 20:51:41', '2026-05-05 20:51:41'),
(187, 4, 12, 2, 2, 7, '033298', 'S1500', NULL, '2026-05-05 20:52:15', '2026-05-05 20:52:15'),
(188, 2, 10, 2, 2, 1, '079361', NULL, NULL, '2026-05-05 20:53:00', '2026-05-05 20:53:00'),
(189, 2, 10, 2, 2, 1, '079362', NULL, NULL, '2026-05-05 20:53:05', '2026-05-05 20:53:05'),
(190, 2, 10, 2, 2, 1, '079363', NULL, NULL, '2026-05-05 20:53:13', '2026-05-05 20:53:13'),
(191, 2, 10, 2, 2, 1, '079365', NULL, NULL, '2026-05-05 20:53:21', '2026-05-05 20:53:21'),
(192, 2, 10, 2, 2, 1, '079364', NULL, NULL, '2026-05-05 20:53:28', '2026-05-05 20:53:28'),
(193, 3, 4, 2, 2, 1, '043639', NULL, NULL, '2026-05-05 20:53:50', '2026-05-05 20:53:50'),
(194, 3, 11, 2, 2, 1, '072492', NULL, NULL, '2026-05-05 20:54:12', '2026-05-05 20:54:12'),
(195, 3, 11, 2, 2, 1, '072067', NULL, NULL, '2026-05-05 20:54:27', '2026-05-05 20:54:27'),
(196, 3, 11, 2, 2, 1, '072479', NULL, NULL, '2026-05-05 20:54:41', '2026-05-05 20:54:41'),
(197, 3, 11, 2, 2, 1, '072477', NULL, NULL, '2026-05-05 20:54:55', '2026-05-05 20:54:55'),
(198, 1, 9, 2, 2, 2, '094503', 'Mini 4000', NULL, '2026-05-05 20:59:26', '2026-05-05 20:59:26'),
(199, 1, 9, 2, 2, 2, '094493', 'Mini 4000', NULL, '2026-05-05 20:59:44', '2026-05-05 20:59:44'),
(200, 1, 9, 2, 2, 2, '094480', 'Mini 4000', NULL, '2026-05-05 20:59:59', '2026-05-05 20:59:59'),
(201, 1, 9, 2, 2, 2, '094444', 'Mini 4000', NULL, '2026-05-05 21:00:09', '2026-05-05 21:00:09'),
(202, 2, 10, 2, 2, 2, '079136', NULL, NULL, '2026-05-05 21:00:31', '2026-05-05 21:00:31'),
(203, 1, 9, 2, 2, 3, '094500', 'Mini 4000', NULL, '2026-05-05 21:01:47', '2026-05-05 21:01:47'),
(204, 3, 22, 2, 2, 3, '901314', NULL, NULL, '2026-05-05 21:02:36', '2026-05-05 21:02:36'),
(205, 12, 25, 2, 2, 9, '059758', NULL, NULL, '2026-05-05 21:03:33', '2026-05-05 21:03:33'),
(206, 12, 25, 2, 2, 9, '100102', NULL, NULL, '2026-05-05 21:03:43', '2026-05-05 21:03:43'),
(207, 3, 11, 2, 2, 4, '072475', NULL, NULL, '2026-05-05 21:03:50', '2026-05-05 21:03:50'),
(208, 12, 25, 2, 2, 9, '901309', NULL, NULL, '2026-05-05 21:03:56', '2026-05-05 21:03:56'),
(209, 12, 25, 2, 2, 9, '083430', NULL, NULL, '2026-05-05 21:04:05', '2026-05-05 21:04:05'),
(210, 1, 9, 2, 2, 4, '094427', 'Mini 4000', NULL, '2026-05-05 21:04:14', '2026-05-05 21:04:14'),
(211, 2, 10, 2, 2, 9, '078748', NULL, NULL, '2026-05-05 21:04:26', '2026-05-05 21:04:26'),
(212, 8, 17, 2, 2, 4, '100522', NULL, NULL, '2026-05-05 21:04:41', '2026-05-05 21:04:41'),
(213, 1, 9, 2, 2, 9, '095291', 'Mini', NULL, '2026-05-05 21:04:49', '2026-05-05 21:04:49'),
(214, 8, 20, 2, 2, 3, '900552', NULL, NULL, '2026-05-05 21:05:26', '2026-05-05 21:05:26'),
(215, 3, 4, 2, 2, 9, '902858', NULL, NULL, '2026-05-05 21:05:58', '2026-05-05 21:05:58'),
(216, 3, 11, 2, 2, 2, '072662', NULL, NULL, '2026-05-05 21:06:51', '2026-05-05 21:06:51'),
(217, 3, 11, 2, 2, 2, '072374', NULL, NULL, '2026-05-05 21:06:59', '2026-05-05 21:06:59'),
(218, 3, 11, 2, 2, 2, '072664', NULL, NULL, '2026-05-05 21:08:51', '2026-05-05 21:08:51'),
(219, 1, 9, 14, 30, 14, '094210', 'Mini 4400', NULL, '2026-05-05 22:15:46', '2026-05-05 22:15:46'),
(220, 1, 9, 14, 30, 14, '094221', 'Mini 4400', NULL, '2026-05-05 22:16:13', '2026-05-05 22:16:13'),
(221, 1, 9, 14, 30, 14, '094220', 'Mini 4400', NULL, '2026-05-05 22:16:26', '2026-05-05 22:16:26'),
(222, 4, 18, 14, 30, 14, '037879', 'S1500', NULL, '2026-05-05 22:24:14', '2026-05-05 22:24:14'),
(223, 1, 9, 31, 98, 18, '094044', 'Mini 4400', NULL, '2026-05-06 18:53:53', '2026-05-06 18:53:53'),
(224, 1, 9, 38, 74, 12, '094429', 'Mini 4400', NULL, '2026-05-06 20:21:00', '2026-05-06 20:21:00'),
(226, 1, 1, 38, 74, 12, '093427', 'Mini', NULL, '2026-05-06 20:22:21', '2026-05-06 20:22:21'),
(228, 1, 9, 38, 74, 12, '094406', 'Mini 4400', NULL, '2026-05-06 20:23:28', '2026-05-06 20:23:28'),
(229, 3, 11, 38, 74, 12, '072104', NULL, NULL, '2026-05-06 20:24:00', '2026-05-06 20:24:00'),
(230, 3, 11, 38, 74, 12, '072605', NULL, NULL, '2026-05-06 20:24:17', '2026-05-06 20:24:17'),
(231, 3, 11, 38, 74, 12, '072072', NULL, NULL, '2026-05-06 20:24:25', '2026-05-06 20:24:25'),
(232, 4, 24, 38, 74, 12, '081757', NULL, NULL, '2026-05-06 20:24:49', '2026-05-06 20:24:49'),
(233, 4, 18, 38, 74, 12, '050744', 'S510', NULL, '2026-05-06 20:25:13', '2026-05-06 20:25:13'),
(234, 4, 13, 38, 74, 12, '075284', NULL, NULL, '2026-05-06 20:25:51', '2026-05-06 20:25:51'),
(235, 1, 3, 38, 74, 12, '103788', 'M75', NULL, '2026-05-06 20:28:46', '2026-05-06 20:28:46'),
(236, 1, 9, 38, 74, 14, '094329', 'Mini 4400', NULL, '2026-05-06 20:30:32', '2026-05-06 20:30:32'),
(237, 1, 9, 38, 74, 14, '094423', 'Mini 4400', NULL, '2026-05-06 20:30:39', '2026-05-06 20:30:39'),
(238, 1, 9, 38, 74, 14, '094436', 'Mini 4400', NULL, '2026-05-06 20:30:51', '2026-05-06 20:30:51'),
(239, 4, 13, 38, 74, 14, '075120', NULL, NULL, '2026-05-06 20:31:30', '2026-05-06 20:31:30'),
(240, 2, 10, 38, 74, 14, '078841', NULL, NULL, '2026-05-06 20:32:00', '2026-05-06 20:32:00'),
(241, 3, 22, 38, 74, 14, '065542', NULL, NULL, '2026-05-06 20:32:22', '2026-05-06 20:32:22'),
(242, 3, 22, 38, 74, 14, '065270', NULL, NULL, '2026-05-06 20:32:40', '2026-05-06 20:32:40'),
(243, 3, 22, 38, 74, 14, '065551', NULL, NULL, '2026-05-06 20:32:49', '2026-05-06 20:32:49'),
(244, 3, 22, 38, 74, 14, '023005', NULL, NULL, '2026-05-06 20:33:33', '2026-05-06 20:33:33'),
(245, 3, 22, 38, 72, 2, '065535', NULL, NULL, '2026-05-06 20:34:08', '2026-05-06 20:34:08'),
(246, 1, 9, 38, 74, 7, '094400', 'Mini 4400', NULL, '2026-05-06 20:35:30', '2026-05-06 20:35:30'),
(247, 5, 21, 38, 74, 7, '088270', NULL, NULL, '2026-05-06 20:35:48', '2026-05-06 20:35:48'),
(248, 3, 4, 38, 74, 7, '033591', NULL, NULL, '2026-05-06 20:36:20', '2026-05-06 20:36:20'),
(249, 3, 22, 38, 74, 5, '065834', NULL, NULL, '2026-05-06 20:36:46', '2026-05-06 20:36:46'),
(250, 1, 9, 38, 74, 5, '094328', 'Mini 4400', NULL, '2026-05-06 20:37:25', '2026-05-06 20:37:25'),
(251, 1, 9, 38, 74, 5, '071242', 'D540', NULL, '2026-05-06 20:37:48', '2026-05-06 20:37:48'),
(252, 1, 9, 38, 72, 2, '094945', 'Mini 4400', 'Sala dos estagiários', '2026-05-06 20:39:18', '2026-05-06 20:40:32'),
(253, 1, 9, 38, 72, 2, '094410', 'Mini 4400', NULL, '2026-05-06 20:39:24', '2026-05-06 20:41:34'),
(254, 2, 10, 38, 72, 2, '078575', NULL, 'Sala dos estagiários', '2026-05-06 20:39:41', '2026-05-06 20:42:42'),
(255, 1, 9, 38, 72, 1, '094408', NULL, NULL, '2026-05-06 20:43:29', '2026-05-06 20:43:29'),
(256, 1, 9, 38, 72, 1, '094366', NULL, NULL, '2026-05-06 20:43:35', '2026-05-06 20:43:35'),
(257, 1, 9, 38, 72, 1, '094419', NULL, NULL, '2026-05-06 20:43:44', '2026-05-06 20:43:44'),
(258, 1, 9, 38, 72, 1, '094356', NULL, NULL, '2026-05-06 20:43:53', '2026-05-06 20:43:53'),
(259, 1, 9, 38, 72, 1, '094355', NULL, NULL, '2026-05-06 20:43:58', '2026-05-06 20:43:58'),
(260, 1, 9, 38, 72, 1, '094358', NULL, NULL, '2026-05-06 20:44:12', '2026-05-06 20:44:12'),
(261, 1, 9, 38, 72, 1, '094361', NULL, NULL, '2026-05-06 20:44:19', '2026-05-06 20:44:19'),
(262, 2, 10, 38, 72, 1, '078576', NULL, NULL, '2026-05-06 20:44:33', '2026-05-06 20:44:33'),
(263, 2, 10, 38, 72, 1, '078579', NULL, NULL, '2026-05-06 20:44:38', '2026-05-06 20:44:38'),
(264, 2, 10, 38, 72, 1, '079576', NULL, NULL, '2026-05-06 20:44:47', '2026-05-06 20:44:47'),
(265, 2, 10, 38, 72, 1, '078581', NULL, NULL, '2026-05-06 20:44:55', '2026-05-06 20:44:55'),
(266, 2, 10, 38, 72, 1, '078578', NULL, NULL, '2026-05-06 20:45:07', '2026-05-06 20:45:07'),
(267, 2, 10, 38, 72, 1, '078577', NULL, NULL, '2026-05-06 20:45:14', '2026-05-06 20:45:14'),
(268, 3, 22, 38, 72, 1, '065611', NULL, NULL, '2026-05-06 20:45:34', '2026-05-06 20:45:34'),
(269, 3, 22, 38, 72, 1, '065799', NULL, NULL, '2026-05-06 20:45:51', '2026-05-06 20:45:51'),
(270, 3, 22, 38, 72, 1, '065670', NULL, NULL, '2026-05-06 20:46:07', '2026-05-06 20:46:07'),
(271, 3, 22, 38, 72, 1, '065537', NULL, NULL, '2026-05-06 20:46:13', '2026-05-06 20:46:13'),
(272, 3, 22, 38, 72, 1, '065261', NULL, NULL, '2026-05-06 20:46:25', '2026-05-06 20:46:25'),
(273, 3, 22, 38, 72, 1, '065304', NULL, NULL, '2026-05-06 20:46:34', '2026-05-06 20:46:34'),
(274, 3, 22, 38, 72, 1, '065534', NULL, NULL, '2026-05-06 20:46:44', '2026-05-06 20:46:44'),
(275, 4, 13, 38, 72, 1, '075570', NULL, NULL, '2026-05-06 20:47:17', '2026-05-06 20:47:17'),
(276, 4, 24, 38, 72, 1, '081783', NULL, NULL, '2026-05-06 20:47:38', '2026-05-06 20:47:38'),
(277, 8, 23, 38, 72, 1, '901984', NULL, NULL, '2026-05-06 20:48:05', '2026-05-06 20:48:05'),
(278, 1, 9, 38, 72, 2, '094418', NULL, NULL, '2026-05-06 20:49:03', '2026-05-06 20:49:03'),
(279, 1, 9, 38, 72, 2, '094389', NULL, NULL, '2026-05-06 20:49:15', '2026-05-06 20:49:15'),
(280, 3, 22, 38, 72, 2, '065650', NULL, NULL, '2026-05-06 20:49:35', '2026-05-06 20:49:35'),
(281, 3, 4, 38, 72, 2, '034574', NULL, NULL, '2026-05-06 20:49:50', '2026-05-06 20:49:50'),
(282, 1, 1, 23, 37, 2, '093575', 'Optiplex 3000', NULL, '2026-05-06 20:50:10', '2026-05-06 20:50:10'),
(283, 3, 22, 38, 72, 3, '065514', NULL, NULL, '2026-05-06 20:50:24', '2026-05-06 20:50:24'),
(284, 1, 9, 38, 72, 3, '094431', 'Mini 4400', NULL, '2026-05-06 20:50:43', '2026-05-06 20:50:43'),
(285, 1, 1, 23, 37, 2, '093692', 'Optiplex 3000', NULL, '2026-05-06 20:50:56', '2026-05-06 20:50:56'),
(287, 1, 9, 38, 72, 4, '095050', 'Mini 4400', NULL, '2026-05-06 20:51:43', '2026-05-06 20:51:43'),
(288, 1, 2, 38, 72, 4, '068837', '8100', NULL, '2026-05-06 20:52:07', '2026-05-06 20:52:07'),
(289, 1, 1, 23, 37, 3, '093694', 'Optiplex 3000', NULL, '2026-05-06 20:52:34', '2026-05-06 20:52:34'),
(291, 8, 26, 38, 72, 4, '902568', 'Câmera bola 360', NULL, '2026-05-06 20:54:37', '2026-05-06 20:54:37'),
(292, 8, 17, 38, 72, 4, '100504', '360', NULL, '2026-05-06 20:54:58', '2026-05-06 20:54:58'),
(293, 8, 20, 38, 72, 4, '900555', NULL, NULL, '2026-05-06 20:55:40', '2026-05-06 20:55:40'),
(294, 2, 10, 38, 72, 4, '078573', NULL, NULL, '2026-05-06 20:56:02', '2026-05-06 20:56:02'),
(295, 1, 1, 23, 37, 2, '093698', 'Optiplex 3000', NULL, '2026-05-06 20:56:05', '2026-05-06 20:56:05'),
(296, 3, 22, 38, 72, 4, '065595', NULL, NULL, '2026-05-06 20:56:22', '2026-05-06 20:56:22'),
(297, 1, 1, 23, 37, 2, '93694', 'Optiplex 3000', NULL, '2026-05-06 20:57:46', '2026-05-06 20:57:46'),
(298, 1, 1, 23, 37, 2, '093688', 'Optiplex 3000', NULL, '2026-05-06 20:58:57', '2026-05-06 20:58:57'),
(299, 2, 10, 23, 37, 2, '079239', '22MP55PK', NULL, '2026-05-06 21:00:11', '2026-05-06 21:00:11'),
(300, 1, 9, 38, 73, 1, '094362', 'Mini 4400', NULL, '2026-05-06 21:03:13', '2026-05-06 21:03:13'),
(301, 1, 9, 38, 73, 1, '094432', 'Mini 4400', NULL, '2026-05-06 21:03:26', '2026-05-06 21:03:26'),
(302, 1, 9, 38, 73, 1, '094360', 'Mini 4400', NULL, '2026-05-06 21:03:35', '2026-05-06 21:03:35'),
(303, 1, 9, 38, 73, 1, '094357', 'Mini 4400', NULL, '2026-05-06 21:03:40', '2026-05-06 21:03:40'),
(304, 1, 9, 38, 73, 1, '094363', 'Mini 4400', NULL, '2026-05-06 21:03:49', '2026-05-06 21:03:49'),
(305, 1, 9, 38, 73, 1, '094430', 'Mini 4400', NULL, '2026-05-06 21:03:56', '2026-05-06 21:03:56'),
(306, 1, 9, 38, 73, 1, '094392', 'Mini 4400', NULL, '2026-05-06 21:04:01', '2026-05-06 21:04:01'),
(307, 1, 9, 38, 73, 1, '094322', 'Mini 4400', NULL, '2026-05-06 21:04:15', '2026-05-06 21:04:15'),
(308, 4, 24, 38, 73, 1, '081674', NULL, NULL, '2026-05-06 21:04:46', '2026-05-06 21:04:46'),
(309, 3, 22, 38, 73, 1, '065600', NULL, NULL, '2026-05-06 21:05:10', '2026-05-06 21:05:10'),
(310, 2, 10, 38, 73, 1, '079570', NULL, NULL, '2026-05-06 21:05:26', '2026-05-06 21:05:26'),
(311, 2, 10, 38, 73, 1, '078565', NULL, NULL, '2026-05-06 21:05:31', '2026-05-06 21:05:31'),
(312, 2, 10, 38, 73, 1, '078571', NULL, NULL, '2026-05-06 21:05:37', '2026-05-06 21:05:37'),
(313, 2, 10, 38, 73, 1, '079157', NULL, NULL, '2026-05-06 21:05:41', '2026-05-06 21:05:41'),
(314, 2, 10, 38, 73, 1, '078566', NULL, NULL, '2026-05-06 21:05:47', '2026-05-06 21:05:47'),
(315, 2, 10, 38, 73, 1, '078568', NULL, NULL, '2026-05-06 21:05:58', '2026-05-06 21:05:58'),
(316, 3, 22, 38, 73, 1, '065667', NULL, NULL, '2026-05-06 21:06:27', '2026-05-06 21:06:27'),
(317, 3, 22, 38, 73, 1, '065673', NULL, NULL, '2026-05-06 21:06:43', '2026-05-06 21:06:43'),
(318, 3, 11, 38, 73, 1, '072140', NULL, NULL, '2026-05-06 21:07:00', '2026-05-06 21:07:00'),
(319, 3, 4, 38, 73, 1, '034714', NULL, 'Patrimônio danificado', '2026-05-06 21:07:35', '2026-05-06 21:07:35'),
(320, 3, 11, 38, 73, 1, '072505', NULL, NULL, '2026-05-06 21:08:00', '2026-05-06 21:08:00'),
(321, 8, 20, 38, 73, 1, '900553', NULL, NULL, '2026-05-06 21:08:18', '2026-05-06 21:08:18'),
(322, 8, 17, 38, 73, 4, '100517', NULL, NULL, '2026-05-06 21:09:20', '2026-05-06 21:09:20'),
(323, 1, 9, 38, 73, 4, '095009', 'Mini 4400', NULL, '2026-05-06 21:09:50', '2026-05-06 21:09:50'),
(324, 4, 24, 38, 73, 4, '081863', NULL, NULL, '2026-05-06 21:10:16', '2026-05-06 21:10:16'),
(325, 3, 22, 38, 73, 4, '065337', NULL, NULL, '2026-05-06 21:10:31', '2026-05-06 21:10:31'),
(326, 3, 4, 38, 73, 2, '099731', NULL, NULL, '2026-05-06 21:11:25', '2026-05-06 21:11:25'),
(327, 3, 22, 38, 73, 2, '065683', NULL, NULL, '2026-05-06 21:11:52', '2026-05-06 21:11:52'),
(328, 3, 11, 38, 73, 2, '071790', NULL, NULL, '2026-05-06 21:12:06', '2026-05-06 21:12:06'),
(329, 4, 13, 38, 73, 2, '075324', NULL, NULL, '2026-05-06 21:12:26', '2026-05-06 21:12:26'),
(330, 2, 10, 38, 73, 2, '078570', NULL, NULL, '2026-05-06 21:12:46', '2026-05-06 21:12:46'),
(331, 2, 10, 38, 73, 2, '078561', NULL, NULL, '2026-05-06 21:12:55', '2026-05-06 21:12:55'),
(332, 1, 9, 38, 73, 2, '094425', 'Mini 4400', NULL, '2026-05-06 21:13:12', '2026-05-06 21:13:12'),
(333, 1, 9, 38, 73, 2, '094384', 'Mini 4400', NULL, '2026-05-06 21:13:18', '2026-05-06 21:13:18'),
(334, 1, 9, 38, 73, 2, '094411', 'Mini 4400', NULL, '2026-05-06 21:13:22', '2026-05-06 21:13:22'),
(335, 1, 9, 38, 73, 3, '094341', 'Mini 4400', NULL, '2026-05-06 21:13:46', '2026-05-06 21:13:46'),
(336, 2, 10, 38, 73, 3, '078752', NULL, NULL, '2026-05-06 21:14:03', '2026-05-06 21:14:03'),
(337, 3, 22, 38, 73, 3, '065529', NULL, NULL, '2026-05-06 21:14:29', '2026-05-06 21:14:29'),
(338, 8, 23, 38, 73, 4, '901976', NULL, NULL, '2026-05-06 21:16:29', '2026-05-06 21:16:29'),
(339, 1, 9, 38, 73, 2, '094929', 'Mini 4400', 'Sala dos estagiários', '2026-05-06 21:18:04', '2026-05-06 21:18:04'),
(340, 1, 9, 38, 73, 2, '094323', 'Mini 4400', 'Sala dos estagiários', '2026-05-06 21:18:17', '2026-05-06 21:18:17'),
(341, 3, 4, 38, 73, 2, '046132', NULL, NULL, '2026-05-06 21:18:35', '2026-05-06 21:18:35'),
(342, 3, 22, 38, 73, 2, '065524', NULL, NULL, '2026-05-06 21:18:46', '2026-05-06 21:18:46'),
(343, 2, 10, 38, 73, 2, '078562', NULL, NULL, '2026-05-06 21:19:00', '2026-05-06 21:19:00'),
(344, 3, 11, 38, 74, 16, '071684', NULL, NULL, '2026-05-06 21:27:36', '2026-05-06 21:27:36'),
(345, 3, 11, 38, 74, 16, '072307', NULL, NULL, '2026-05-06 21:27:45', '2026-05-06 21:27:45'),
(346, 1, 9, 38, 74, 11, '094395', 'Mini 4400', NULL, '2026-05-06 21:30:11', '2026-05-06 21:30:11'),
(347, 8, 20, 38, 74, 11, '091401', NULL, NULL, '2026-05-06 21:30:25', '2026-05-06 21:30:25'),
(348, 3, 22, 38, 74, 11, '065730', NULL, NULL, '2026-05-06 21:30:40', '2026-05-06 21:30:40'),
(349, 1, 9, 38, 74, 11, '094359', 'Mini 4400', NULL, '2026-05-06 21:31:15', '2026-05-06 21:31:15'),
(350, 1, 9, 38, 74, 11, '094339', 'Mini 4400', NULL, '2026-05-06 21:31:19', '2026-05-06 21:31:19'),
(351, 1, 9, 38, 74, 11, '094437', 'Mini 4400', NULL, '2026-05-06 21:31:24', '2026-05-06 21:31:24'),
(352, 1, 9, 38, 74, 11, '094417', 'Mini 4400', NULL, '2026-05-06 21:31:29', '2026-05-06 21:31:29'),
(353, 3, 22, 38, 74, 11, '065680', NULL, NULL, '2026-05-06 21:31:49', '2026-05-06 21:31:49'),
(354, 3, 22, 38, 74, 11, '065592', NULL, NULL, '2026-05-06 21:32:00', '2026-05-06 21:32:00'),
(355, 4, 5, 38, 74, 11, '061020', NULL, NULL, '2026-05-06 21:32:30', '2026-05-06 21:32:30'),
(356, 4, 13, 38, 74, 10, '075033', NULL, NULL, '2026-05-06 22:21:39', '2026-05-06 22:21:39'),
(357, 1, 9, 38, 74, 10, '094325', 'Mini 4400', NULL, '2026-05-06 22:21:59', '2026-05-06 22:26:03'),
(358, 2, 10, 38, 74, 10, '078558', NULL, NULL, '2026-05-06 22:22:15', '2026-05-06 22:22:15'),
(359, 3, 11, 38, 74, 10, '072154', NULL, 'Escrito com pincel', '2026-05-06 22:23:27', '2026-05-06 22:23:27'),
(360, 3, 22, 38, 74, 13, '065299', NULL, NULL, '2026-05-06 22:24:17', '2026-05-06 22:24:17'),
(361, 1, 9, 38, 74, 13, '094393', 'Mini 4400', NULL, '2026-05-06 22:24:40', '2026-05-06 22:24:40'),
(362, 2, 10, 38, 74, 13, '078559', 'Mini 4400', NULL, '2026-05-06 22:25:13', '2026-05-06 22:25:13'),
(363, 2, 10, 23, 37, 2, '079236', '22MP55PK', NULL, '2026-05-06 23:13:51', '2026-05-06 23:13:51'),
(364, 1, 1, 23, 37, 2, '093650', 'Optiplex 3000', NULL, '2026-05-06 23:15:18', '2026-05-06 23:15:18'),
(365, 3, 22, 23, 37, 2, '065517', '700USB', NULL, '2026-05-06 23:17:23', '2026-05-06 23:17:23'),
(366, 3, 22, 23, 37, 2, '065515', '700USB', NULL, '2026-05-06 23:18:12', '2026-05-06 23:18:12'),
(367, 3, 22, 23, 37, 2, '065327', '700USB', NULL, '2026-05-06 23:19:14', '2026-05-06 23:19:14'),
(368, 3, 22, 23, 37, 2, '065520', '700USB', NULL, '2026-05-06 23:20:44', '2026-05-06 23:20:44'),
(369, 2, 10, 23, 37, 3, '078307', '22MP55PK', NULL, '2026-05-06 23:23:09', '2026-05-06 23:23:09'),
(370, 2, 10, 23, 37, 2, '079240', '22MP55PK', NULL, '2026-05-06 23:24:13', '2026-05-06 23:24:13'),
(371, 3, 11, 23, 37, 2, '072057', 'BACK -UPS 1200', NULL, '2026-05-06 23:25:38', '2026-05-06 23:25:38'),
(372, 1, 9, 23, 37, 19, '095018', 'Master C4400ROHS', NULL, '2026-05-07 19:41:23', '2026-05-07 19:41:23'),
(373, 3, 22, 23, 37, 19, '065512', '700USB', NULL, '2026-05-07 19:42:51', '2026-05-07 19:42:51'),
(374, 1, 9, 22, 36, 1, '094185', 'mini 44000', NULL, '2026-05-07 21:00:02', '2026-05-07 21:00:57'),
(375, 1, 9, 22, 36, 1, '094104', 'mini 44000', NULL, '2026-05-07 21:00:23', '2026-05-07 21:00:23'),
(376, 1, 9, 22, 36, 1, '094932', 'mini 44000', NULL, '2026-05-07 21:00:31', '2026-05-07 21:00:31'),
(377, 1, 9, 22, 36, 1, '094178', 'mini 44000', NULL, '2026-05-07 21:00:38', '2026-05-07 21:00:38'),
(378, 1, 9, 22, 36, 1, '095075', 'mini 44000', NULL, '2026-05-07 21:00:45', '2026-05-07 21:00:45'),
(379, 3, 11, 22, 36, 1, '072474', 'UPS 1200VA', NULL, '2026-05-07 21:01:57', '2026-05-07 21:01:57'),
(380, 3, 4, 22, 36, 1, '002841', 'Maneger 1', NULL, '2026-05-07 21:04:33', '2026-05-07 21:04:33'),
(381, 3, 4, 22, 36, 1, '036825', 'Maneger 3', NULL, '2026-05-07 21:05:31', '2026-05-07 21:05:31'),
(382, 3, 4, 22, 36, 1, '036813', 'Maneger 3', NULL, '2026-05-07 21:05:40', '2026-05-07 21:05:40'),
(383, 3, 4, 22, 36, 1, '034802', 'Maneger 3', NULL, '2026-05-07 21:06:20', '2026-05-07 21:06:20'),
(384, 3, 4, 22, 36, 1, '033612', 'Maneger 3', NULL, '2026-05-07 21:06:27', '2026-05-07 21:06:27'),
(385, 3, 4, 22, 36, 1, '033766', 'Maneger 3', NULL, '2026-05-07 21:06:41', '2026-05-07 21:06:41'),
(386, 2, 10, 22, 36, 1, '078238', '22MP55PK', NULL, '2026-05-07 21:08:10', '2026-05-07 21:14:32'),
(387, 2, 10, 22, 36, 19, '078237', '22MP55PK', NULL, '2026-05-07 21:13:38', '2026-05-07 21:14:11'),
(388, 1, 9, 38, 74, 9, '095072', 'Mini 4400', NULL, '2026-05-07 21:14:54', '2026-05-07 21:14:54'),
(389, 3, 22, 38, 74, 9, '065249', NULL, NULL, '2026-05-07 21:15:37', '2026-05-07 21:15:37'),
(390, 1, 9, 22, 36, 19, '095827', 'mini 44000', NULL, '2026-05-07 21:16:16', '2026-05-07 21:16:16'),
(391, 3, 11, 22, 36, 19, '071702', 'UPS 1200VA', NULL, '2026-05-07 21:16:38', '2026-05-07 21:16:38'),
(392, 4, 18, 22, 36, 19, '033293', 'SNAPSCAN 1500', NULL, '2026-05-07 21:17:09', '2026-05-07 21:17:09'),
(393, 4, 24, 22, 36, 19, '081867', NULL, NULL, '2026-05-07 21:19:40', '2026-05-07 21:19:40'),
(394, 1, 9, 32, 64, 2, '094150', 'mini 44000', NULL, '2026-05-07 21:20:49', '2026-05-07 21:21:58'),
(395, 1, 9, 32, 64, 2, '094130', 'mini 44000', NULL, '2026-05-07 21:20:56', '2026-05-07 21:24:00'),
(396, 1, 9, 32, 64, 2, '094097', 'mini 44000', NULL, '2026-05-07 21:21:03', '2026-05-07 21:23:36'),
(397, 1, 9, 32, 64, 2, '094086', 'mini 44000', NULL, '2026-05-07 21:21:24', '2026-05-07 21:23:16'),
(398, 3, 11, 32, 64, 2, '071718', 'UPS 1200VA', NULL, '2026-05-07 21:24:40', '2026-05-07 21:25:08'),
(399, 3, 11, 32, 64, 2, '072758', 'UPS 1200VA', NULL, '2026-05-07 21:24:55', '2026-05-07 21:24:55'),
(400, 3, 11, 32, 64, 2, '072280', 'UPS 1200VA', NULL, '2026-05-07 21:25:24', '2026-05-07 21:25:24'),
(401, 3, 4, 32, 64, 2, '034540', NULL, NULL, '2026-05-07 21:30:08', '2026-05-07 21:30:08'),
(402, 3, 19, 32, 64, 9, '011034', 'STAY', NULL, '2026-05-07 21:31:30', '2026-05-07 21:31:30'),
(403, 1, 9, 32, 64, 9, '095038', 'mini 44000', NULL, '2026-05-07 21:33:52', '2026-05-07 21:33:52'),
(404, 1, 9, 32, 64, 7, '094072', 'mini 44000', NULL, '2026-05-07 21:34:09', '2026-05-07 21:34:09'),
(405, 3, 11, 32, 64, 7, '072279', 'UPS 1200VA', NULL, '2026-05-07 21:34:33', '2026-05-07 21:34:33'),
(406, 3, 11, 32, 64, 5, '071668', 'UPS 1200VA', NULL, '2026-05-07 21:35:43', '2026-05-07 21:35:43'),
(407, 2, 10, 32, 64, 5, '078469', '22MP55PK', NULL, '2026-05-07 21:36:05', '2026-05-07 21:36:05'),
(408, 1, 9, 32, 64, 5, '094170', 'mini 44000', NULL, '2026-05-07 21:36:21', '2026-05-07 21:36:21'),
(409, 1, 9, 32, 64, 5, '094103', 'mini 44000', NULL, '2026-05-07 21:36:27', '2026-05-07 21:36:27'),
(410, 4, 13, 32, 64, 5, '075305', NULL, NULL, '2026-05-07 21:36:53', '2026-05-07 21:36:53'),
(411, 4, 13, 32, 64, 5, '075231', NULL, NULL, '2026-05-07 21:37:00', '2026-05-07 21:37:00'),
(412, 4, 13, 32, 64, 1, '075216', NULL, NULL, '2026-05-07 21:39:00', '2026-05-07 21:39:00'),
(413, 3, 19, 32, 64, 1, '047556', 'PS800', NULL, '2026-05-07 21:40:18', '2026-05-07 21:40:18'),
(414, 3, 11, 32, 64, 1, '071816', 'UPS 1200VA', NULL, '2026-05-07 21:40:39', '2026-05-07 21:40:39'),
(415, 3, 11, 32, 64, 1, '071743', 'UPS 1200VA', NULL, '2026-05-07 21:41:43', '2026-05-07 21:41:43'),
(416, 3, 11, 32, 64, 1, '071712', 'UPS 1200VA', NULL, '2026-05-07 21:42:23', '2026-05-07 21:42:23'),
(417, 8, 20, 32, 64, 1, '901983', NULL, NULL, '2026-05-07 21:42:55', '2026-05-07 21:42:55'),
(418, 3, 4, 32, 64, 1, '091696', 'UPS 1200VA', NULL, '2026-05-07 21:43:23', '2026-05-07 21:43:23'),
(419, 3, 4, 32, 64, 5, '902732', 'UPS 1200VA', NULL, '2026-05-07 21:43:53', '2026-05-07 21:43:53'),
(420, 1, 9, 32, 64, 1, '094169', 'mini 44000', NULL, '2026-05-07 21:44:17', '2026-05-07 21:44:17'),
(421, 1, 9, 32, 64, 1, '094092', 'mini 44000', NULL, '2026-05-07 21:44:24', '2026-05-07 21:44:24'),
(422, 1, 9, 32, 64, 1, '094081', 'mini 44000', NULL, '2026-05-07 21:44:29', '2026-05-07 21:44:29'),
(423, 1, 9, 32, 64, 1, '094159', 'mini 44000', NULL, '2026-05-07 21:44:34', '2026-05-07 21:44:34'),
(424, 1, 9, 32, 64, 1, '094171', 'mini 44000', NULL, '2026-05-07 21:44:40', '2026-05-07 21:44:40'),
(425, 1, 9, 32, 64, 1, '094085', 'mini 44000', NULL, '2026-05-07 21:44:46', '2026-05-07 21:44:46'),
(426, 1, 9, 32, 64, 1, '094154', 'mini 44000', NULL, '2026-05-07 21:44:51', '2026-05-07 21:44:51'),
(427, 1, 9, 32, 64, 1, '094099', 'mini 44000', NULL, '2026-05-07 21:44:56', '2026-05-07 21:44:56'),
(428, 8, 20, 22, 36, 1, '902058', NULL, NULL, '2026-05-07 21:46:00', '2026-05-07 21:46:00'),
(429, 4, 18, 32, 64, 10, '023971', 'SNAPSCAN 510', NULL, '2026-05-07 21:50:06', '2026-05-07 21:50:06'),
(430, 1, 9, 32, 64, 10, '094160', 'mini 44000', NULL, '2026-05-07 21:51:36', '2026-05-07 21:51:36'),
(431, 8, 20, 32, 64, 10, '900566', NULL, NULL, '2026-05-07 21:51:54', '2026-05-07 21:51:54'),
(432, 3, 11, 32, 64, 10, '071769', 'UPS 1200VA', NULL, '2026-05-07 21:52:19', '2026-05-07 21:52:19'),
(433, 3, 11, 32, 64, 3, '071707', 'UPS 1200VA', NULL, '2026-05-07 21:54:34', '2026-05-07 21:54:34'),
(434, 1, 9, 32, 64, 3, '094132', 'mini 44000', NULL, '2026-05-07 21:54:47', '2026-05-07 21:54:47'),
(435, 2, 10, 32, 64, 3, '078472', '22MP55PK', NULL, '2026-05-07 21:55:12', '2026-05-07 21:55:12');

-- --------------------------------------------------------

--
-- Estrutura para tabela `failed_jobs`
--

CREATE TABLE `failed_jobs` (
  `id` bigint(20) UNSIGNED NOT NULL,
  `uuid` varchar(255) NOT NULL,
  `connection` text NOT NULL,
  `queue` text NOT NULL,
  `payload` longtext NOT NULL,
  `exception` longtext NOT NULL,
  `failed_at` timestamp NOT NULL DEFAULT current_timestamp()
) ENGINE=InnoDB DEFAULT CHARSET=utf8mb4 COLLATE=utf8mb4_unicode_ci;

-- --------------------------------------------------------

--
-- Estrutura para tabela `jobs`
--

CREATE TABLE `jobs` (
  `id` bigint(20) UNSIGNED NOT NULL,
  `queue` varchar(255) NOT NULL,
  `payload` longtext NOT NULL,
  `attempts` tinyint(3) UNSIGNED NOT NULL,
  `reserved_at` int(10) UNSIGNED DEFAULT NULL,
  `available_at` int(10) UNSIGNED NOT NULL,
  `created_at` int(10) UNSIGNED NOT NULL
) ENGINE=InnoDB DEFAULT CHARSET=utf8mb4 COLLATE=utf8mb4_unicode_ci;

-- --------------------------------------------------------

--
-- Estrutura para tabela `job_batches`
--

CREATE TABLE `job_batches` (
  `id` varchar(255) NOT NULL,
  `name` varchar(255) NOT NULL,
  `total_jobs` int(11) NOT NULL,
  `pending_jobs` int(11) NOT NULL,
  `failed_jobs` int(11) NOT NULL,
  `failed_job_ids` longtext NOT NULL,
  `options` mediumtext DEFAULT NULL,
  `cancelled_at` int(11) DEFAULT NULL,
  `created_at` int(11) NOT NULL,
  `finished_at` int(11) DEFAULT NULL
) ENGINE=InnoDB DEFAULT CHARSET=utf8mb4 COLLATE=utf8mb4_unicode_ci;

-- --------------------------------------------------------

--
-- Estrutura para tabela `marcas`
--

CREATE TABLE `marcas` (
  `id` bigint(20) UNSIGNED NOT NULL,
  `nome` varchar(255) NOT NULL,
  `ativo` tinyint(1) NOT NULL DEFAULT 1,
  `created_at` timestamp NULL DEFAULT NULL,
  `updated_at` timestamp NULL DEFAULT NULL
) ENGINE=InnoDB DEFAULT CHARSET=utf8mb4 COLLATE=utf8mb4_unicode_ci;

--
-- Despejando dados para a tabela `marcas`
--

INSERT INTO `marcas` (`id`, `nome`, `ativo`, `created_at`, `updated_at`) VALUES
(1, 'Dell', 1, '2026-04-29 15:25:32', '2026-04-29 15:25:32'),
(2, 'HP', 1, '2026-04-29 15:25:32', '2026-04-29 15:25:32'),
(3, 'Lenovo', 1, '2026-04-29 15:25:32', '2026-04-29 15:25:32'),
(4, 'SMS', 1, '2026-04-29 15:25:32', '2026-04-29 15:25:32'),
(5, 'Epson', 1, '2026-04-29 15:25:32', '2026-04-29 15:25:32'),
(9, 'Positivo', 1, '2026-04-29 15:29:51', '2026-04-29 15:29:51'),
(10, 'LG', 1, '2026-05-04 19:08:05', '2026-05-04 19:08:05'),
(11, 'APC', 1, '2026-05-04 19:15:30', '2026-05-04 19:15:30'),
(12, 'ScanSnap', 1, '2026-05-04 19:20:43', '2026-05-04 19:20:43'),
(13, 'Avision', 1, '2026-05-04 19:27:32', '2026-05-04 19:27:32'),
(14, 'KANDAO', 0, '2026-05-04 19:30:18', '2026-05-06 18:48:52'),
(15, 'Metrologic', 1, '2026-05-04 19:34:53', '2026-05-04 19:34:53'),
(16, 'Le Son', 1, '2026-05-04 19:43:48', '2026-05-04 19:43:48'),
(17, 'Kandao 360', 1, '2026-05-04 19:46:43', '2026-05-04 19:46:43'),
(18, 'Fujitsu', 1, '2026-05-04 19:48:22', '2026-05-04 19:48:22'),
(19, 'Microsol', 1, '2026-05-04 19:52:02', '2026-05-04 19:52:02'),
(20, 'Bluecase', 1, '2026-05-04 19:57:58', '2026-05-04 19:57:58'),
(21, 'Bematech', 1, '2026-05-04 20:09:14', '2026-05-04 20:09:14'),
(22, 'Stay', 1, '2026-05-04 20:10:33', '2026-05-04 20:10:33'),
(23, 'Logi', 1, '2026-05-05 20:08:55', '2026-05-05 20:08:55'),
(24, 'Kodak', 1, '2026-05-05 20:09:03', '2026-05-05 20:09:03'),
(25, 'Carol', 1, '2026-05-05 21:02:47', '2026-05-05 21:02:47'),
(26, 'Outras', 1, '2026-05-06 20:53:51', '2026-05-06 20:53:51');

-- --------------------------------------------------------

--
-- Estrutura para tabela `migrations`
--

CREATE TABLE `migrations` (
  `id` int(10) UNSIGNED NOT NULL,
  `migration` varchar(255) NOT NULL,
  `batch` int(11) NOT NULL
) ENGINE=InnoDB DEFAULT CHARSET=utf8mb4 COLLATE=utf8mb4_unicode_ci;

--
-- Despejando dados para a tabela `migrations`
--

INSERT INTO `migrations` (`id`, `migration`, `batch`) VALUES
(1, '0001_01_01_000000_create_users_table', 1),
(2, '0001_01_01_000001_create_cache_table', 1),
(3, '0001_01_01_000002_create_jobs_table', 1),
(4, '2026_04_29_112405_create_tipos_equipamento_table', 1),
(5, '2026_04_29_112406_create_marcas_table', 1),
(6, '2026_04_29_112408_create_cidades_comarcas_table', 1),
(7, '2026_04_29_112410_create_varas_table', 1),
(8, '2026_04_29_112411_create_setores_table', 1),
(9, '2026_04_29_112413_create_equipamentos_table', 1);

-- --------------------------------------------------------

--
-- Estrutura para tabela `password_reset_tokens`
--

CREATE TABLE `password_reset_tokens` (
  `email` varchar(255) NOT NULL,
  `token` varchar(255) NOT NULL,
  `created_at` timestamp NULL DEFAULT NULL
) ENGINE=InnoDB DEFAULT CHARSET=utf8mb4 COLLATE=utf8mb4_unicode_ci;

-- --------------------------------------------------------

--
-- Estrutura para tabela `sessions`
--

CREATE TABLE `sessions` (
  `id` varchar(255) NOT NULL,
  `user_id` bigint(20) UNSIGNED DEFAULT NULL,
  `ip_address` varchar(45) DEFAULT NULL,
  `user_agent` text DEFAULT NULL,
  `payload` longtext NOT NULL,
  `last_activity` int(11) NOT NULL
) ENGINE=InnoDB DEFAULT CHARSET=utf8mb4 COLLATE=utf8mb4_unicode_ci;

--
-- Despejando dados para a tabela `sessions`
--

INSERT INTO `sessions` (`id`, `user_id`, `ip_address`, `user_agent`, `payload`, `last_activity`) VALUES
('ogT6yU79TwUJAiPZr5Vhut7gek8PV98Rx7WK1yuG', NULL, '181.217.162.67', 'Mozilla/5.0 (Windows NT 10.0; Win64; x64) AppleWebKit/537.36 (KHTML, like Gecko) Chrome/147.0.0.0 Safari/537.36', 'YTozOntzOjY6Il90b2tlbiI7czo0MDoiNUx3bVJnZmprbEg1WVp1MlVsWE8xT1FtUW1IT2lsblhqc3dqZmJhUSI7czo2OiJfZmxhc2giO2E6Mjp7czozOiJvbGQiO2E6MDp7fXM6MzoibmV3IjthOjA6e319czo5OiJfcHJldmlvdXMiO2E6Mjp7czozOiJ1cmwiO3M6Mzk6Imh0dHBzOi8vcGF0cmltb25pby5mcmVlLm5mL3B1YmxpYy9sb2dpbiI7czo1OiJyb3V0ZSI7czo1OiJsb2dpbiI7fX0=', 1778181129),
('sGD6fj22eRNu48flUaFrtEArUCfo99fOpePBtXKh', NULL, '191.58.117.113', 'Mozilla/5.0 (Windows NT 10.0; Win64; x64) AppleWebKit/537.36 (KHTML, like Gecko) Chrome/147.0.0.0 Safari/537.36', 'YTo0OntzOjY6Il90b2tlbiI7czo0MDoiV3FmZzJHWks4dHpNN0dVVGE4MmNjTGZiWjhteDFwNFh0UEVvR3RGbCI7czozOiJ1cmwiO2E6MTp7czo4OiJpbnRlbmRlZCI7czozNzoiaHR0cHM6Ly9wYXRyaW1vbmlvLmZyZWUubmYvcHVibGljP2k9MSI7fXM6OToiX3ByZXZpb3VzIjthOjI6e3M6MzoidXJsIjtzOjM5OiJodHRwczovL3BhdHJpbW9uaW8uZnJlZS5uZi9wdWJsaWMvbG9naW4iO3M6NToicm91dGUiO3M6NToibG9naW4iO31zOjY6Il9mbGFzaCI7YToyOntzOjM6Im9sZCI7YTowOnt9czozOiJuZXciO2E6MDp7fX19', 1778236633),
('TKK0ZlF8pumwteowpAaVXLTiSzilFxculwELT2nJ', NULL, '45.5.14.152', 'Mozilla/5.0 (Windows NT 10.0; Win64; x64) AppleWebKit/537.36 (KHTML, like Gecko) Chrome/147.0.0.0 Safari/537.36', 'YTozOntzOjY6Il90b2tlbiI7czo0MDoiUDdzdldGVDVXbHRPcjFGUnNvNWZQQ0NJRDJJQjdTRlFteVZuQTZCZiI7czo5OiJfcHJldmlvdXMiO2E6Mjp7czozOiJ1cmwiO3M6MzM6Imh0dHBzOi8vcGF0cmltb25pby5mcmVlLm5mL3B1YmxpYyI7czo1OiJyb3V0ZSI7czo5OiJkYXNoYm9hcmQiO31zOjY6Il9mbGFzaCI7YToyOntzOjM6Im9sZCI7YTowOnt9czozOiJuZXciO2E6MDp7fX19', 1778171649);

-- --------------------------------------------------------

--
-- Estrutura para tabela `setores`
--

CREATE TABLE `setores` (
  `id` bigint(20) UNSIGNED NOT NULL,
  `nome` varchar(255) NOT NULL,
  `ativo` tinyint(1) NOT NULL DEFAULT 1,
  `created_at` timestamp NULL DEFAULT NULL,
  `updated_at` timestamp NULL DEFAULT NULL
) ENGINE=InnoDB DEFAULT CHARSET=utf8mb4 COLLATE=utf8mb4_unicode_ci;

--
-- Despejando dados para a tabela `setores`
--

INSERT INTO `setores` (`id`, `nome`, `ativo`, `created_at`, `updated_at`) VALUES
(1, 'Secretaria', 1, '2026-04-29 15:25:32', '2026-04-29 15:25:32'),
(2, 'Assessoria', 1, '2026-04-29 15:25:32', '2026-04-29 15:25:32'),
(3, 'Gabinete', 1, '2026-04-29 15:25:32', '2026-04-29 15:25:32'),
(4, 'Sala de instruções', 1, '2026-04-29 15:25:32', '2026-04-29 15:25:32'),
(5, 'Atendimento geral', 1, '2026-04-29 15:25:32', '2026-04-29 15:25:32'),
(7, 'Recepção', 1, '2026-04-29 15:25:32', '2026-04-29 15:25:32'),
(9, 'Salão do júri', 1, '2026-04-29 16:58:15', '2026-04-29 16:58:15'),
(10, 'CEJUSC 01', 1, '2026-05-04 17:29:43', '2026-05-04 17:35:51'),
(11, 'Núcleo Psicossocial', 1, '2026-05-04 17:30:06', '2026-05-04 17:30:06'),
(12, 'Central de Mandados', 1, '2026-05-04 19:30:54', '2026-05-04 19:30:54'),
(13, 'CEJUSC 02', 1, '2026-05-04 19:50:02', '2026-05-04 19:50:02'),
(14, 'Supervisão', 1, '2026-05-04 21:21:42', '2026-05-04 21:21:42'),
(15, 'Sala de conciliação', 1, '2026-05-05 19:24:13', '2026-05-05 19:24:13'),
(16, 'Rack', 1, '2026-05-05 19:45:31', '2026-05-05 19:45:31'),
(17, 'Guarita', 1, '2026-05-05 22:20:16', '2026-05-05 22:20:16'),
(18, 'CPD', 1, '2026-05-06 18:52:22', '2026-05-06 18:52:22'),
(19, 'Sala de Audiência', 1, '2026-05-07 19:37:00', '2026-05-07 19:37:00');

-- --------------------------------------------------------

--
-- Estrutura para tabela `tipos_equipamento`
--

CREATE TABLE `tipos_equipamento` (
  `id` bigint(20) UNSIGNED NOT NULL,
  `nome` varchar(255) NOT NULL,
  `ativo` tinyint(1) NOT NULL DEFAULT 1,
  `created_at` timestamp NULL DEFAULT NULL,
  `updated_at` timestamp NULL DEFAULT NULL
) ENGINE=InnoDB DEFAULT CHARSET=utf8mb4 COLLATE=utf8mb4_unicode_ci;

--
-- Despejando dados para a tabela `tipos_equipamento`
--

INSERT INTO `tipos_equipamento` (`id`, `nome`, `ativo`, `created_at`, `updated_at`) VALUES
(1, 'Computador', 1, '2026-04-29 15:25:32', '2026-04-29 15:25:32'),
(2, 'Monitor', 1, '2026-04-29 15:25:32', '2026-04-29 15:25:32'),
(3, 'Nobreak', 1, '2026-04-29 15:25:32', '2026-04-29 15:25:32'),
(4, 'Scanner', 1, '2026-04-29 15:25:32', '2026-04-29 15:25:32'),
(5, 'Impressora', 1, '2026-04-29 15:25:32', '2026-04-29 15:25:32'),
(7, 'Protocoladora', 1, '2026-05-04 17:25:07', '2026-05-04 17:25:07'),
(8, 'WebCam', 1, '2026-05-04 17:25:10', '2026-05-04 17:25:10'),
(9, 'Leitor ótico', 1, '2026-05-04 17:25:31', '2026-05-04 17:25:31'),
(10, 'Kit Biométrico', 1, '2026-05-04 17:26:51', '2026-05-04 17:26:51'),
(11, 'ScanSnap', 0, '2026-05-04 19:18:45', '2026-05-04 19:20:29'),
(12, 'Microfone', 0, '2026-05-04 19:43:33', '2026-05-06 18:49:19');

-- --------------------------------------------------------

--
-- Estrutura para tabela `users`
--

CREATE TABLE `users` (
  `id` bigint(20) UNSIGNED NOT NULL,
  `name` varchar(255) NOT NULL,
  `email` varchar(255) NOT NULL,
  `email_verified_at` timestamp NULL DEFAULT NULL,
  `password` varchar(255) NOT NULL,
  `papel` enum('master','admin','usuario') NOT NULL DEFAULT 'usuario',
  `ativo` tinyint(1) NOT NULL DEFAULT 1,
  `cidade_comarca_id` bigint(20) UNSIGNED DEFAULT NULL,
  `remember_token` varchar(100) DEFAULT NULL,
  `created_at` timestamp NULL DEFAULT NULL,
  `updated_at` timestamp NULL DEFAULT NULL
) ENGINE=InnoDB DEFAULT CHARSET=utf8mb4 COLLATE=utf8mb4_unicode_ci;

--
-- Despejando dados para a tabela `users`
--

INSERT INTO `users` (`id`, `name`, `email`, `email_verified_at`, `password`, `papel`, `ativo`, `cidade_comarca_id`, `remember_token`, `created_at`, `updated_at`) VALUES
(1, 'Administrador Master', 'rapwara@gmail.com', NULL, '$2y$12$9vh8nEsDfIEKgNA7WFVfR.v7VcyInZlJcJ9IIZUXqiffUEf8cQb5a', 'master', 1, NULL, 'iGob6xrEYn1qeAPaaZTZ4RtjrcMwbuc8bhQPIT4NzLbMQQFE0Dmdzhrgt4tN', '2026-05-07 18:01:33', '2026-05-07 18:26:17'),
(2, 'Nilson', 'nrsmnilson@gmail.com', NULL, '$2y$12$QGFqb7cXKoZ35gUAJ5MVouHJsj6JQa9C9r06i30p85IiRZ/PmVVIe', 'admin', 1, NULL, NULL, '2026-05-07 18:33:24', '2026-05-07 18:33:24'),
(3, 'Marivalda', 'marivalda.nascimento@lanlink.com.br', NULL, '$2y$12$6WKtgx8lWWEj4iEhM01uFuVc0wfkT5VBFhPPumYJXvFVWsSKypY5y', 'admin', 1, 23, NULL, '2026-05-07 18:40:33', '2026-05-07 18:48:48'),
(4, 'Ednilson Júnior', 'ednilson.junior@lanlink.com.br', NULL, '$2y$12$GDYtsgXBStyx6UaxPcUVQ.3WaxtX/rHxhpvEwGgE7L/8bb7fgFFNS', 'admin', 1, 31, NULL, '2026-05-07 18:42:21', '2026-05-07 18:50:37'),
(5, 'Elvis', 'elvis.almeida@lanlink.com.br', NULL, '$2y$12$p36heueiWBm1eKKmEQ.J9.JiaZ4J1FCKCgcG/vdWCZm6JgoYadB2K', 'admin', 1, 18, NULL, '2026-05-07 18:43:01', '2026-05-07 18:49:49'),
(6, 'Rosely', 'rosely.assuncao@lanlink.com.br', NULL, '$2y$12$bT4KpF5pbqnQL54DAcjiQ.ekuNiKcuIotdzawQY22y.xPLkR1LTh2', 'admin', 1, 14, NULL, '2026-05-08 00:58:39', '2026-05-08 00:58:39'),
(7, 'Matheus', 'pereira.matheuss@gmail.com', NULL, '$2y$12$1W7PmSusmoDWfI8VN.pqfOWKczqQWcy/JwY6ibGIXn5pj3Vv3RwCm', 'admin', 1, NULL, NULL, '2026-05-08 00:59:34', '2026-05-08 00:59:34');

-- --------------------------------------------------------

--
-- Estrutura para tabela `varas`
--

CREATE TABLE `varas` (
  `id` bigint(20) UNSIGNED NOT NULL,
  `cidade_comarca_id` bigint(20) UNSIGNED NOT NULL,
  `nome` varchar(255) NOT NULL,
  `ativo` tinyint(1) NOT NULL DEFAULT 1,
  `created_at` timestamp NULL DEFAULT NULL,
  `updated_at` timestamp NULL DEFAULT NULL
) ENGINE=InnoDB DEFAULT CHARSET=utf8mb4 COLLATE=utf8mb4_unicode_ci;

--
-- Despejando dados para a tabela `varas`
--

INSERT INTO `varas` (`id`, `cidade_comarca_id`, `nome`, `ativo`, `created_at`, `updated_at`) VALUES
(1, 1, 'Vara única', 1, '2026-04-29 17:19:16', '2026-04-29 17:19:16'),
(2, 2, 'Vara única', 1, '2026-04-29 17:19:27', '2026-04-29 17:19:27'),
(3, 3, 'Vara única', 1, '2026-04-29 17:19:39', '2026-04-29 17:19:39'),
(4, 4, '1ª Vara Cível e Criminal', 1, '2026-04-29 17:21:01', '2026-04-29 17:21:01'),
(5, 4, '2ª Vara Cível e Criminal', 1, '2026-04-29 17:21:13', '2026-04-29 17:21:13'),
(6, 4, '3ª Vara Cível e Criminal', 1, '2026-04-29 17:21:24', '2026-04-29 17:21:24'),
(7, 5, 'Vara única', 1, '2026-04-29 17:21:37', '2026-04-29 17:21:37'),
(8, 6, 'Vara única', 1, '2026-04-29 17:21:47', '2026-04-29 17:21:47'),
(9, 7, 'Vara única', 1, '2026-04-29 17:22:02', '2026-04-29 17:22:02'),
(10, 8, 'Vara única', 1, '2026-04-29 17:22:17', '2026-04-29 17:22:17'),
(11, 9, 'Vara única', 1, '2026-04-29 17:22:25', '2026-04-29 17:22:25'),
(12, 10, 'Vara única', 1, '2026-04-29 17:22:34', '2026-04-29 17:22:34'),
(13, 11, 'Vara única', 1, '2026-04-29 17:22:45', '2026-04-29 17:22:45'),
(14, 12, 'Vara única', 1, '2026-04-29 17:23:03', '2026-04-29 17:23:03'),
(15, 13, 'Vara única', 1, '2026-04-29 17:23:16', '2026-04-29 17:23:16'),
(16, 14, '1ª Vara Cível', 1, '2026-04-29 17:23:32', '2026-04-29 17:23:32'),
(17, 14, '2ª Vara Cível', 1, '2026-04-29 17:23:49', '2026-04-29 17:23:49'),
(18, 14, 'Vara Criminal', 1, '2026-04-29 17:25:09', '2026-04-29 17:25:09'),
(19, 14, 'Juizado', 1, '2026-04-29 17:26:12', '2026-04-29 17:26:12'),
(20, 15, 'Vara única', 1, '2026-04-29 17:26:33', '2026-04-29 17:26:33'),
(21, 16, 'Vara única', 1, '2026-04-29 17:26:43', '2026-04-29 17:26:43'),
(22, 17, 'Vara única', 1, '2026-04-29 17:26:54', '2026-04-29 17:26:54'),
(23, 18, '1ª Vara Cível', 1, '2026-04-29 17:27:11', '2026-04-29 17:27:11'),
(24, 18, '2ª Vara Cível', 1, '2026-04-29 17:27:29', '2026-04-29 17:27:29'),
(25, 18, '1ª Vara Criminal', 1, '2026-04-29 17:27:54', '2026-04-29 17:27:54'),
(26, 18, '2ª Vara Criminal', 1, '2026-04-29 17:28:38', '2026-04-29 17:28:38'),
(27, 18, 'Juizado', 1, '2026-04-29 17:28:51', '2026-04-29 17:28:51'),
(28, 18, 'Administração', 1, '2026-04-29 17:29:13', '2026-04-29 17:29:13'),
(29, 4, 'Administração', 1, '2026-04-29 17:29:30', '2026-04-29 17:29:30'),
(30, 14, 'Administração', 1, '2026-04-29 17:29:45', '2026-04-29 17:29:45'),
(31, 19, 'Vara única', 1, '2026-04-29 17:29:57', '2026-04-29 17:29:57'),
(32, 20, 'Administração', 1, '2026-04-29 17:30:14', '2026-04-29 17:30:14'),
(33, 20, '1ª Vara Cível e Criminal', 1, '2026-04-29 17:30:29', '2026-04-29 17:30:29'),
(34, 20, '2ª Vara Cível e Criminal', 1, '2026-04-29 17:30:41', '2026-04-29 17:30:41'),
(35, 21, 'Vara única', 1, '2026-04-29 17:30:53', '2026-04-29 17:30:53'),
(36, 22, 'Vara única', 1, '2026-04-29 17:34:09', '2026-04-29 17:34:09'),
(37, 23, '1ª Vara Cível', 1, '2026-04-29 17:34:27', '2026-04-29 17:34:27'),
(38, 23, '2ª Vara Cível', 1, '2026-04-29 17:34:41', '2026-04-29 17:34:41'),
(39, 23, '1ª Vara e Criminal', 1, '2026-04-29 17:35:07', '2026-04-29 17:35:07'),
(40, 23, '2ª Vara Criminal', 1, '2026-04-29 17:35:34', '2026-04-29 17:35:34'),
(41, 23, 'Juizado', 1, '2026-04-29 17:35:46', '2026-04-29 17:35:46'),
(42, 23, 'Administração', 1, '2026-04-29 17:36:00', '2026-04-29 17:36:00'),
(43, 24, '1ª Vara Cível e Criminal', 1, '2026-04-29 18:26:46', '2026-04-29 18:26:46'),
(44, 24, '2ª Vara Cível e Criminal', 1, '2026-04-29 18:27:00', '2026-04-29 18:27:00'),
(45, 24, 'Administração', 1, '2026-04-29 18:27:21', '2026-04-29 18:27:21'),
(46, 25, 'Vara única', 1, '2026-04-29 18:27:35', '2026-04-29 18:27:35'),
(47, 26, 'Vara única', 1, '2026-04-29 18:27:46', '2026-04-29 18:27:46'),
(48, 27, 'Vara única', 1, '2026-04-29 18:27:58', '2026-04-29 18:27:58'),
(49, 28, '1ª Vara Cível e Criminal', 1, '2026-04-29 18:28:11', '2026-04-29 18:28:11'),
(50, 28, '2ª Vara Cível e Criminal', 1, '2026-04-29 18:28:24', '2026-04-29 18:28:24'),
(51, 28, 'Administração', 1, '2026-04-29 18:28:38', '2026-04-29 18:28:38'),
(52, 29, '1ª Vara Cível e Criminal', 1, '2026-04-29 18:28:59', '2026-04-29 18:28:59'),
(53, 29, '2ª Vara Cível e Criminal', 1, '2026-04-29 18:29:08', '2026-04-29 18:29:08'),
(54, 29, 'Administração', 1, '2026-04-29 18:29:34', '2026-04-29 18:29:34'),
(55, 30, '1ª Vara Cível e Criminal', 1, '2026-04-29 18:30:30', '2026-04-29 18:30:30'),
(56, 30, '2ª Vara Cível e Criminal', 1, '2026-04-29 18:30:40', '2026-04-29 18:30:40'),
(57, 30, 'Administração', 1, '2026-04-29 18:30:51', '2026-04-29 18:30:51'),
(58, 31, '1ª Vara Cível', 1, '2026-04-29 18:31:06', '2026-04-29 18:31:19'),
(59, 31, '2ª Vara Cível', 1, '2026-04-29 18:31:31', '2026-04-29 18:31:31'),
(60, 31, '2º Juizado', 1, '2026-04-29 18:31:47', '2026-04-29 18:45:17'),
(61, 31, '1ª Vara Criminal', 1, '2026-04-29 18:32:02', '2026-04-29 18:32:02'),
(62, 31, '2ª Vara Criminal', 1, '2026-04-29 18:32:17', '2026-04-29 18:32:17'),
(63, 31, '3ª Vara Criminal', 1, '2026-04-29 18:32:34', '2026-04-29 18:32:34'),
(64, 32, 'Vara única', 1, '2026-04-29 18:33:08', '2026-04-29 18:33:08'),
(65, 33, 'Vara única', 1, '2026-04-29 18:33:23', '2026-04-29 18:33:23'),
(66, 34, 'Vara única', 1, '2026-04-29 18:33:35', '2026-04-29 18:33:35'),
(67, 35, 'Vara única', 1, '2026-04-29 18:33:48', '2026-04-29 18:33:48'),
(68, 36, 'Vara única', 1, '2026-04-29 18:34:05', '2026-04-29 18:34:05'),
(69, 37, '1ª Vara Cível e Criminal', 1, '2026-04-29 18:34:19', '2026-04-29 18:34:19'),
(70, 37, '2ª Vara Cível e Criminal', 1, '2026-04-29 18:34:31', '2026-04-29 18:34:31'),
(71, 37, 'Administração', 1, '2026-04-29 18:34:47', '2026-04-29 18:34:47'),
(72, 38, '1ª Vara Cível e Criminal', 1, '2026-04-29 18:34:59', '2026-04-29 18:34:59'),
(73, 38, '2ª Vara Cível e Criminal', 1, '2026-04-29 18:35:10', '2026-04-29 18:35:10'),
(74, 38, 'Administração', 1, '2026-04-29 18:35:20', '2026-04-29 18:35:20'),
(75, 39, 'Vara única', 1, '2026-04-29 18:35:32', '2026-04-29 18:35:32'),
(76, 40, 'Vara única', 1, '2026-04-29 18:36:15', '2026-04-29 18:36:15'),
(77, 41, 'Vara única', 1, '2026-04-29 18:36:25', '2026-04-29 18:36:25'),
(78, 42, 'Vara única', 1, '2026-04-29 18:36:38', '2026-04-29 18:36:38'),
(79, 43, 'Vara única', 1, '2026-04-29 18:36:49', '2026-04-29 18:36:49'),
(80, 44, 'Vara única', 1, '2026-04-29 18:36:59', '2026-04-29 18:36:59'),
(81, 45, '1ª Vara Cível', 1, '2026-04-29 18:37:11', '2026-04-29 18:37:11'),
(82, 45, '1ª Vara Criminal', 1, '2026-04-29 18:37:31', '2026-04-29 18:37:31'),
(83, 45, 'Administração', 1, '2026-04-29 18:37:43', '2026-04-29 18:37:43'),
(84, 46, 'Vara única', 1, '2026-04-29 18:37:57', '2026-04-29 18:37:57'),
(85, 47, '1ª Vara Cível e Criminal', 1, '2026-04-29 18:38:14', '2026-04-29 18:38:14'),
(86, 47, '2ª Vara Cível e Criminal', 1, '2026-04-29 18:38:24', '2026-04-29 18:38:24'),
(87, 47, 'Administração', 1, '2026-04-29 18:38:34', '2026-04-29 18:38:34'),
(88, 48, '1ª Vara Cível e Criminal', 1, '2026-04-29 18:38:44', '2026-04-29 18:38:44'),
(89, 48, '2ª Vara Cível e Criminal', 1, '2026-04-29 18:38:56', '2026-04-29 18:38:56'),
(90, 48, 'Administração', 1, '2026-04-29 18:39:07', '2026-04-29 18:39:07'),
(91, 49, 'Vara única', 1, '2026-04-29 18:39:23', '2026-04-29 18:39:23'),
(92, 51, '1º Juizado', 1, '2026-04-29 18:43:08', '2026-04-29 18:44:34'),
(93, 51, '3ª Vara Cível', 1, '2026-04-29 18:43:31', '2026-04-29 18:43:31'),
(94, 52, '4ª Vara Cível', 1, '2026-04-29 18:44:13', '2026-04-29 18:44:13'),
(95, 51, 'Administração', 1, '2026-04-29 18:45:31', '2026-04-29 18:45:31'),
(96, 50, 'Juizado', 1, '2026-04-29 18:45:52', '2026-04-29 18:45:52'),
(97, 50, '2ª Vara Cível', 1, '2026-04-29 18:46:04', '2026-04-29 18:46:04'),
(98, 31, 'Administração', 1, '2026-05-06 18:51:56', '2026-05-06 18:51:56');

--
-- Índices de tabelas apagadas
--

--
-- Índices de tabela `cache`
--
ALTER TABLE `cache`
  ADD PRIMARY KEY (`key`),
  ADD KEY `cache_expiration_index` (`expiration`);

--
-- Índices de tabela `cache_locks`
--
ALTER TABLE `cache_locks`
  ADD PRIMARY KEY (`key`),
  ADD KEY `cache_locks_expiration_index` (`expiration`);

--
-- Índices de tabela `cidades_comarcas`
--
ALTER TABLE `cidades_comarcas`
  ADD PRIMARY KEY (`id`),
  ADD UNIQUE KEY `cidades_comarcas_nome_unique` (`nome`);

--
-- Índices de tabela `equipamentos`
--
ALTER TABLE `equipamentos`
  ADD PRIMARY KEY (`id`),
  ADD UNIQUE KEY `equipamentos_codigo_patrimonio_unique` (`codigo_patrimonio`),
  ADD KEY `equipamentos_tipo_equipamento_id_index` (`tipo_equipamento_id`),
  ADD KEY `equipamentos_cidade_comarca_id_index` (`cidade_comarca_id`),
  ADD KEY `equipamentos_vara_id_index` (`vara_id`),
  ADD KEY `equipamentos_setor_id_index` (`setor_id`),
  ADD KEY `equipamentos_marca_id_index` (`marca_id`);

--
-- Índices de tabela `failed_jobs`
--
ALTER TABLE `failed_jobs`
  ADD PRIMARY KEY (`id`),
  ADD UNIQUE KEY `failed_jobs_uuid_unique` (`uuid`);

--
-- Índices de tabela `jobs`
--
ALTER TABLE `jobs`
  ADD PRIMARY KEY (`id`),
  ADD KEY `jobs_queue_index` (`queue`);

--
-- Índices de tabela `job_batches`
--
ALTER TABLE `job_batches`
  ADD PRIMARY KEY (`id`);

--
-- Índices de tabela `marcas`
--
ALTER TABLE `marcas`
  ADD PRIMARY KEY (`id`),
  ADD UNIQUE KEY `marcas_nome_unique` (`nome`);

--
-- Índices de tabela `migrations`
--
ALTER TABLE `migrations`
  ADD PRIMARY KEY (`id`);

--
-- Índices de tabela `password_reset_tokens`
--
ALTER TABLE `password_reset_tokens`
  ADD PRIMARY KEY (`email`);

--
-- Índices de tabela `sessions`
--
ALTER TABLE `sessions`
  ADD PRIMARY KEY (`id`),
  ADD KEY `sessions_user_id_index` (`user_id`),
  ADD KEY `sessions_last_activity_index` (`last_activity`);

--
-- Índices de tabela `setores`
--
ALTER TABLE `setores`
  ADD PRIMARY KEY (`id`),
  ADD UNIQUE KEY `setores_nome_unique` (`nome`);

--
-- Índices de tabela `tipos_equipamento`
--
ALTER TABLE `tipos_equipamento`
  ADD PRIMARY KEY (`id`),
  ADD UNIQUE KEY `tipos_equipamento_nome_unique` (`nome`);

--
-- Índices de tabela `users`
--
ALTER TABLE `users`
  ADD PRIMARY KEY (`id`),
  ADD UNIQUE KEY `users_email_unique` (`email`),
  ADD KEY `users_cidade_comarca_id_foreign` (`cidade_comarca_id`);

--
-- Índices de tabela `varas`
--
ALTER TABLE `varas`
  ADD PRIMARY KEY (`id`),
  ADD UNIQUE KEY `varas_cidade_comarca_id_nome_unique` (`cidade_comarca_id`,`nome`);

--
-- AUTO_INCREMENT de tabelas apagadas
--

--
-- AUTO_INCREMENT de tabela `cidades_comarcas`
--
ALTER TABLE `cidades_comarcas`
  MODIFY `id` bigint(20) UNSIGNED NOT NULL AUTO_INCREMENT, AUTO_INCREMENT=53;

--
-- AUTO_INCREMENT de tabela `equipamentos`
--
ALTER TABLE `equipamentos`
  MODIFY `id` bigint(20) UNSIGNED NOT NULL AUTO_INCREMENT, AUTO_INCREMENT=436;

--
-- AUTO_INCREMENT de tabela `failed_jobs`
--
ALTER TABLE `failed_jobs`
  MODIFY `id` bigint(20) UNSIGNED NOT NULL AUTO_INCREMENT;

--
-- AUTO_INCREMENT de tabela `jobs`
--
ALTER TABLE `jobs`
  MODIFY `id` bigint(20) UNSIGNED NOT NULL AUTO_INCREMENT;

--
-- AUTO_INCREMENT de tabela `marcas`
--
ALTER TABLE `marcas`
  MODIFY `id` bigint(20) UNSIGNED NOT NULL AUTO_INCREMENT, AUTO_INCREMENT=27;

--
-- AUTO_INCREMENT de tabela `migrations`
--
ALTER TABLE `migrations`
  MODIFY `id` int(10) UNSIGNED NOT NULL AUTO_INCREMENT, AUTO_INCREMENT=10;

--
-- AUTO_INCREMENT de tabela `setores`
--
ALTER TABLE `setores`
  MODIFY `id` bigint(20) UNSIGNED NOT NULL AUTO_INCREMENT, AUTO_INCREMENT=20;

--
-- AUTO_INCREMENT de tabela `tipos_equipamento`
--
ALTER TABLE `tipos_equipamento`
  MODIFY `id` bigint(20) UNSIGNED NOT NULL AUTO_INCREMENT, AUTO_INCREMENT=13;

--
-- AUTO_INCREMENT de tabela `users`
--
ALTER TABLE `users`
  MODIFY `id` bigint(20) UNSIGNED NOT NULL AUTO_INCREMENT, AUTO_INCREMENT=8;

--
-- AUTO_INCREMENT de tabela `varas`
--
ALTER TABLE `varas`
  MODIFY `id` bigint(20) UNSIGNED NOT NULL AUTO_INCREMENT, AUTO_INCREMENT=99;

--
-- Restrições para dumps de tabelas
--

--
-- Restrições para tabelas `equipamentos`
--
ALTER TABLE `equipamentos`
  ADD CONSTRAINT `equipamentos_cidade_comarca_id_foreign` FOREIGN KEY (`cidade_comarca_id`) REFERENCES `cidades_comarcas` (`id`) ON UPDATE CASCADE,
  ADD CONSTRAINT `equipamentos_marca_id_foreign` FOREIGN KEY (`marca_id`) REFERENCES `marcas` (`id`) ON DELETE SET NULL ON UPDATE CASCADE,
  ADD CONSTRAINT `equipamentos_setor_id_foreign` FOREIGN KEY (`setor_id`) REFERENCES `setores` (`id`) ON DELETE SET NULL ON UPDATE CASCADE,
  ADD CONSTRAINT `equipamentos_tipo_equipamento_id_foreign` FOREIGN KEY (`tipo_equipamento_id`) REFERENCES `tipos_equipamento` (`id`) ON UPDATE CASCADE,
  ADD CONSTRAINT `equipamentos_vara_id_foreign` FOREIGN KEY (`vara_id`) REFERENCES `varas` (`id`) ON DELETE SET NULL ON UPDATE CASCADE;

--
-- Restrições para tabelas `users`
--
ALTER TABLE `users`
  ADD CONSTRAINT `users_cidade_comarca_id_foreign` FOREIGN KEY (`cidade_comarca_id`) REFERENCES `cidades_comarcas` (`id`) ON DELETE SET NULL;

--
-- Restrições para tabelas `varas`
--
ALTER TABLE `varas`
  ADD CONSTRAINT `varas_cidade_comarca_id_foreign` FOREIGN KEY (`cidade_comarca_id`) REFERENCES `cidades_comarcas` (`id`) ON UPDATE CASCADE;
COMMIT;

/*!40101 SET CHARACTER_SET_CLIENT=@OLD_CHARACTER_SET_CLIENT */;
/*!40101 SET CHARACTER_SET_RESULTS=@OLD_CHARACTER_SET_RESULTS */;
/*!40101 SET COLLATION_CONNECTION=@OLD_COLLATION_CONNECTION */;
